Year,Country,Country Code,Control of Corruption: Percentile Rank,Government Effectiveness: Percentile Rank,Political Stability and Absence of Violence/Terrorism: Percentile Rank,Regulatory Quality: Percentile Rank,Rule of Law: Percentile Rank,Voice and Accountability: Percentile Rank
Y2019,Canada,CAN,92.85713959,95.7142868,81.60377502,95.7142868,94.76190186,96.13526917
Y2019,Afghanistan,AFG,5.714285851,6.666666508,0.943396211,10.47619057,4.285714149,21.25603867
Y2019,Albania,ALB,31.90476227,49.04761887,51.88679123,61.90476227,38.09523773,52.17391205
Y2019,Algeria,DZA,28.09523773,32.8571434,13.20754719,7.142857075,20.47619057,19.8067627
Y2019,American Samoa,ASM,94.2857132,70,90.56604004,40.95238113,87.14286041,94.20289612
Y2019,Andorra,AND,87.14286041,98.09523773,98.58490753,86.19047546,90.95237732,85.02415466
Y2019,Angola,AGO,14.28571415,11.90476227,31.60377312,18.09523773,15.23809528,25.12077332
Y2019,Anguilla,AIA,87.14286041,75.23809814,94.81131744,75.23809814,60.95238113,
Y2019,Antigua and Barbuda,ATG,61.90476227,49.52381134,79.71697998,67.61904907,62.8571434,70.53140259
Y2019,Argentina,ARG,52.8571434,48.09523773,43.86792374,34.76190567,37.1428566,65.21739197
Y2019,Armenia,ARM,47.61904907,42.38095093,30.18867874,61.42856979,48.57143021,48.79227066
Y2019,Aruba,ABW,83.80952454,80,95.75471497,75.7142868,85.7142868,91.30434418
Y2019,Australia,AUS,94.76190186,92.38095093,78.30188751,98.57142639,93.33333588,92.2705307
Y2019,Austria,AUT,90.47618866,91.42857361,77.35848999,91.42857361,98.57142639,94.68598938
Y2019,Azerbaijan,AZE,22.8571434,46.19047546,22.64151001,44.2857132,28.09523773,7.246376991
Y2019,"Bahamas, The",BHS,82.38095093,67.61904907,74.05660248,50,54.2857132,76.32849884
Y2019,Bahrain,BHR,53.80952454,62.38095093,23.11320686,68.09523773,67.14286041,10.14492798
Y2019,Bangladesh,BGD,16.19047546,24.76190567,15.56603813,15.23809528,27.1428566,26.57004738
Y2019,Barbados,BRB,83.33333588,72.38095093,85.37735748,65.23809814,61.42856979,84.5410614
Y2019,Belarus,BLR,56.19047546,44.76190567,58.49056625,27.61904716,20.95238113,11.11111069
Y2019,Belgium,BEL,89.52381134,82.85713959,60.84905624,87.61904907,87.61904907,93.71981049
Y2019,Belize,BLZ,49.04761887,29.04761887,50.47169876,30.95238113,21.4285717,63.28502274
Y2019,Benin,BEN,42.38095093,35.23809433,29.71698189,35.23809433,26.19047546,49.27536392
Y2019,Bermuda,BMU,87.14286041,87.14286041,86.79244995,75.23809814,77.14286041,
Y2019,Bhutan,BTN,91.42857361,62.8571434,87.73584747,39.52381134,71.90476227,49.75845337
Y2019,Bolivia,BOL,25.7142849,21.90476227,20.28301811,12.85714245,10,40.57971191
Y2019,Bosnia and Herzegovina,BIH,29.52380943,27.1428566,29.24528313,48.57143021,46.19047546,37.68115997
Y2019,Botswana,BWA,74.2857132,66.66666412,88.20755005,69.04762268,64.76190186,62.80193329
Y2019,Brazil,BRA,39.52381134,41.90476227,20.75471687,49.04761887,46.66666794,56.52173996
Y2019,Brunei Darussalam,BRN,77.61904907,86.19047546,88.679245,73.33333588,72.38095093,21.73913002
Y2019,Bulgaria,BGR,49.52381134,60,66.03773499,70.47618866,52.38095093,58.45410538
Y2019,Burkina Faso,BFA,48.57143021,22.38095284,11.79245281,36.19047546,35.7142868,38.64734268
Y2019,Burundi,BDI,4.761904716,8.095237732,7.547169685,13.33333302,5.714285851,4.830917835
Y2019,Cabo Verde,CPV,79.04762268,64.2857132,76.41509247,51.42856979,65.7142868,78.26087189
Y2019,Cambodia,KHM,9.523809433,30,44.81132126,30,17.61904716,15.45893764
Y2019,Cameroon,CMR,10.95238113,17.1428566,8.018867493,17.1428566,11.4285717,15.942029
Y2019,Cayman Islands,CYM,66.19047546,83.80952454,96.69811249,78.57142639,75.7142868,61.83575058
Y2019,Central African Republic,CAF,10.47619057,2.380952358,4.245283127,7.619047642,3.333333254,14.97584534
Y2019,Chad,TCD,6.190476418,5.714285851,10.37735844,10,6.666666508,9.178744316
Y2019,Chile,CHL,80.47618866,77.61904907,46.69811249,83.33333588,79.52381134,79.71014404
Y2019,China,CHN,43.80952454,70.95237732,38.20754623,41.90476227,44.76190567,6.76328516
Y2019,Colombia,COL,46.19047546,53.80952454,14.62264156,63.80952454,39.52381134,53.62318802
Y2019,Comoros,COM,13.80952358,3.333333254,41.03773499,9.523809433,10.95238113,27.53623199
Y2019,"Congo, Dem. Rep.",COD,3.333333254,5.238095284,7.075471878,5.238095284,1.90476191,13.04347801
Y2019,"Congo, Rep.",COG,5.238095284,11.4285717,34.43396378,8.571428299,12.38095284,14.00966167
Y2019,Cook Islands,COK,,,89.62264252,,,83.57488251
Y2019,Costa Rica,CRI,71.90476227,66.19047546,60.37735748,70.95237732,70,84.05796814
Y2019,Cote d'Ivoire,CIV,32.38095093,33.33333206,13.679245,42.38095093,27.61904716,37.19806671
Y2019,Croatia,HRV,58.09523773,69.04762268,70.28302002,71.90476227,61.90476227,60.38647461
Y2019,Cuba,CUB,57.1428566,43.80952454,66.98113251,5.714285851,42.38095093,8.695652008
Y2019,Cyprus,CYP,70.95237732,78.57142639,64.15093994,80,75.23809814,81.15942383
Y2019,Czechia,CZE,69.04762268,78.09523773,80.18868256,86.66666412,81.90476227,73.42995453
Y2019,Denmark,DNK,99.52381134,98.57142639,81.13207245,92.38095093,97.14286041,98.55072784
Y2019,Djibouti,DJI,20.47619057,19.52380943,33.01886749,19.04761887,18.09523773,10.62801933
Y2019,Dominica,DMA,67.61904907,40,84.43395996,60.95238113,74.76190186,74.87922668
Y2019,Dominican Republic,DOM,23.33333397,38.09523773,47.16981125,52.8571434,43.33333206,53.14009476
Y2019,Ecuador,ECU,34.76190567,37.61904907,39.15094376,20,31.90476227,47.82608795
Y2019,"Egypt, Arab Rep.",EGY,28.5714283,40.95238113,12.26415062,21.90476227,42.8571434,8.212560654
Y2019,El Salvador,SLV,33.80952454,34.2857132,42.92453003,50.95238113,19.52380943,50.72463608
Y2019,Equatorial Guinea,GNQ,2.857142925,13.80952358,42.45283127,4.285714149,8.095237732,2.415458918
Y2019,Eritrea,ERI,6.666666508,1.90476191,21.69811249,1.428571463,5.238095284,0.483091801
Y2019,Estonia,EST,90.95237732,84.76190186,67.45282745,92.85713959,86.19047546,87.43961334
Y2019,Eswatini,SWZ,43.33333206,28.5714283,37.26415253,32.8571434,34.2857132,12.56038666
Y2019,Ethiopia,ETH,38.09523773,27.61904716,11.320755,16.19047546,33.80952454,19.32367134
Y2019,Fiji,FJI,74.76190186,75.23809814,72.64151001,57.61904907,64.2857132,46.37681198
Y2019,Finland,FIN,98.57142639,99.52381134,75.94339752,97.61904907,100,99.51690674
Y2019,France,FRA,88.57142639,88.09523773,57.07546997,90.95237732,88.57142639,85.50724792
Y2019,French Guiana,GUF,79.52381134,88.57142639,56.60377502,88.09523773,84.2857132,91.30434418
Y2019,Gabon,GAB,20,15.23809528,45.28302002,14.28571415,24.2857151,20.28985596
Y2019,"Gambia, The",GMB,40,23.80952454,55.6603775,25.7142849,39.04761887,36.71497726
Y2019,Georgia,GEO,76.19047546,75.7142868,27.35848999,81.42857361,59.52381134,52.65700531
Y2019,Germany,DEU,95.23809814,91.90476227,65.09433746,96.19047546,92.38095093,95.16908264
Y2019,Ghana,GHA,52.38095093,39.52381134,52.83018875,45.7142868,53.33333206,64.73429871
Y2019,Greece,GRC,56.66666794,64.76190186,54.24528122,70,57.61904907,72.46376801
Y2019,Greenland,GRL,82.85713959,76.19047546,100,89.52381134,94.2857132,91.30434418
Y2019,Grenada,GRD,63.33333206,48.57143021,79.71697998,42.8571434,58.09523773,70.04830933
Y2019,Guam,GUM,87.14286041,61.42856979,76.88679504,58.57143021,87.14286041,86.95652008
Y2019,Guatemala,GTM,18.5714283,26.19047546,24.05660439,40.47618866,12.85714245,34.78260803
Y2019,Guinea,GIN,19.04761887,18.09523773,17.92452812,19.52380943,9.047618866,25.60386467
Y2019,Guinea-Bissau,GNB,4.285714149,6.190476418,25.47169876,9.047618866,7.619047642,32.36714935
Y2019,Guyana,GUY,50.47618866,36.66666794,38.679245,29.52380943,36.66666794,54.58937073
Y2019,Haiti,HTI,8.571428299,1.428571463,16.98113251,8.095237732,16.66666603,26.08695602
Y2019,Honduras,HND,21.4285717,30.47619057,24.52830124,33.33333206,14.76190472,30.43478203
Y2019,"Hong Kong SAR, China",HKG,91.90476227,96.19047546,39.62264252,99.52381134,91.42857361,51.20772934
Y2019,Hungary,HUN,57.61904907,68.09523773,71.69811249,72.38095093,68.57142639,57.97101593
Y2019,Iceland,ISL,92.38095093,90.95237732,99.52830505,90,95.23809814,92.75362396
Y2019,India,IND,44.76190567,59.04761887,19.3396225,47.1428566,51.42856979,56.0386467
Y2019,Indonesia,IDN,35.23809433,59.52381134,26.88679314,56.66666794,40.47618866,51.6908226
Y2019,"Iran, Islamic Rep.",IRN,13.33333302,31.90476227,5.660377502,6.666666508,23.33333397,12.07729435
Y2019,Iraq,IRQ,8.095237732,8.571428299,1.415094376,10.95238113,2.857142925,22.22222137
Y2019,Ireland,IRL,90,85.7142868,80.6603775,93.33333588,88.09523773,93.23671722
Y2019,Israel,ISR,78.09523773,86.66666412,18.86792374,87.14286041,81.42857361,69.0821228
Y2019,Italy,ITA,61.42856979,68.57142639,58.96226501,77.14286041,60.47618866,76.8115921
Y2019,Jamaica,JAM,51.90476227,71.90476227,59.43396378,59.04761887,43.80952454,66.66666412
Y2019,Japan,JPN,89.04762268,92.85713959,83.49056244,88.57142639,89.52381134,77.77777863
Y2019,"Jersey, Channel Islands",JEY,80.95237732,85.23809814,93.86792755,76.19047546,94.2857132,91.30434418
Y2019,Jordan,JOR,58.57143021,55.23809433,36.79245377,57.1428566,56.66666794,28.01932335
Y2019,Kazakhstan,KAZ,45.23809433,54.76190567,41.50943375,60.47618866,32.8571434,14.49275398
Y2019,Kenya,KEN,24.2857151,35.7142868,12.73584938,40,35.23809433,36.231884
Y2019,Kiribati,KIR,64.76190186,50,89.15093994,34.2857132,78.09523773,83.09178925
Y2019,"Korea, Dem. People's Rep.",PRK,1.90476191,7.142857075,35.37735748,0,4.761904716,0
Y2019,"Korea, Rep.",KOR,75.23809814,87.61904907,64.62264252,82.38095093,84.76190186,71.01449585
Y2019,Kosovo,XKX,33.33333206,37.1428566,32.07546997,38.09523773,38.57143021,41.06280136
Y2019,Kuwait,KWT,50,51.42856979,54.71697998,58.09523773,58.57143021,28.5024147
Y2019,Kyrgyz Republic,KGZ,17.1428566,25.7142849,37.73584747,37.61904907,19.04761887,32.85024261
Y2019,Lao PDR,LAO,12.85714245,20,63.20754623,22.38095284,17.1428566,3.38164258
Y2019,Latvia,LVA,66.66666412,82.38095093,59.90565872,83.80952454,80,73.91304016
Y2019,Lebanon,LBN,11.90476227,20.47619057,6.603773594,32.38095093,21.90476227,31.884058
Y2019,Lesotho,LSO,51.42856979,16.19047546,28.77358437,30.47619057,37.61904907,44.92753601
Y2019,Liberia,LBR,17.61904716,7.619047642,33.49056625,12.38095284,16.19047546,42.99517059
Y2019,Libya,LBY,2.380952358,2.857142925,1.886792421,0.952380955,3.809523821,7.729468822
Y2019,Liechtenstein,LIE,96.19047546,94.2857132,99.05660248,91.90476227,92.85713959,89.37197876
Y2019,Lithuania,LTU,73.33333588,80.47618866,72.16981506,82.85713959,80.47618866,80.1932373
Y2019,Luxembourg,LUX,97.61904907,95.23809814,95.28302002,95.23809814,96.19047546,97.10144806
Y2019,"Macao SAR, China",MAC,72.85713959,83.80952454,92.92453003,94.2857132,78.57142639,35.26570129
Y2019,Madagascar,MDG,14.76190472,10,33.96226501,20.47619057,15.71428585,38.16424942
Y2019,Malawi,MWI,25.23809433,20.95238113,35.84905624,23.33333397,41.90476227,41.54589462
Y2019,Malaysia,MYS,60.95238113,79.04762268,53.77358627,71.42857361,67.61904907,43.47826004
Y2019,Maldives,MDV,48.09523773,44.2857132,48.11320877,31.4285717,40,33.33333206
Y2019,Mali,MLI,26.66666603,12.85714245,3.773584843,28.5714283,20,33.81642532
Y2019,Malta,MLT,60,76.66666412,83.01886749,76.66666412,79.04762268,82.60869598
Y2019,Marshall Islands,MHL,64.76190186,45.23809433,92.45282745,24.76190567,66.66666412,82.12560272
Y2019,Martinique,MTQ,87.14286041,81.42857361,71.22641754,86.19047546,70.47618866,
Y2019,Mauritania,MRT,22.38095284,30.95238113,25,18.5714283,28.5714283,24.63768196
Y2019,Mauritius,MUS,60.47618866,77.14286041,75,80.95237732,73.80952454,71.49758148
Y2019,Mexico,MEX,18.09523773,39.04761887,18.39622688,55.7142868,26.66666603,45.89371872
Y2019,"Micronesia, Fed. Sts.",FSM,75.7142868,56.66666794,84.90566254,16.66666603,55.23809433,85.99034119
Y2019,Moldova,MDA,29.04761887,36.19047546,31.13207626,50.47618866,36.19047546,42.02898407
Y2019,Monaco,MCO,94.2857132,98.09523773,98.58490753,86.19047546,90.95237732,68.59903717
Y2019,Mongolia,MNG,37.1428566,41.42856979,67.92453003,53.80952454,45.23809433,57.48792267
Y2019,Montenegro,MNE,54.76190567,58.09523773,50,64.76190186,52.8571434,47.34299469
Y2019,Morocco,MAR,41.42856979,40.47618866,32.54716873,46.66666794,45.7142868,29.46859932
Y2019,Mozambique,MOZ,21.90476227,15.71428585,19.81132126,20.95238113,14.28571415,30.91787529
Y2019,Myanmar,MMR,30,10.47619057,10.84905624,22.8571434,13.80952358,23.18840599
Y2019,Namibia,NAM,62.8571434,57.61904907,62.73584747,54.2857132,62.38095093,63.768116
Y2019,Nauru,NRU,68.57142639,52.38095093,73.58490753,47.61904907,50,60.86956406
Y2019,Nepal,NPL,27.1428566,13.33333302,28.30188751,24.2857151,30.95238113,39.61352539
Y2019,Netherlands,NLD,95.7142868,96.66666412,75.47169495,98.09523773,95.7142868,96.6183548
Y2019,Netherlands Antilles,ANT,,,,,,
Y2019,New Zealand,NZL,100,93.80952454,97.16981506,99.04762268,98.09523773,98.06763458
Y2019,Nicaragua,NIC,15.71428585,22.8571434,14.15094376,26.19047546,9.523809433,18.35748863
Y2019,Niger,NER,31.4285717,19.04761887,9.433961868,25.23809433,31.4285717,29.95169067
Y2019,Nigeria,NGA,12.38095284,9.523809433,4.716980934,14.76190472,18.5714283,34.29951859
Y2019,Niue,NIU,,,96.22641754,,,95.6521759
Y2019,North Macedonia,MKD,36.66666794,47.61904907,47.64151001,65.7142868,44.2857132,44.44444275
Y2019,Norway,NOR,97.14286041,97.14286041,90.09433746,97.14286041,99.52381134,100
Y2019,Oman,OMN,65.7142868,60.47618866,66.50943756,62.8571434,69.52381134,16.90821266
Y2019,Pakistan,PAK,20.95238113,26.66666603,3.301886797,27.1428566,25.7142849,22.70531464
Y2019,Palau,PLW,68.57142639,61.90476227,91.98113251,67.14286041,76.19047546,81.64250946
Y2019,Panama,PAN,30.47619057,57.1428566,57.54716873,64.2857132,47.61904907,66.18357849
Y2019,Papua New Guinea,PNG,16.66666603,21.4285717,21.22641563,31.90476227,22.8571434,50.24154663
Y2019,Paraguay,PRY,19.52380943,32.38095093,46.22641373,48.09523773,30.47619057,48.3091774
Y2019,Peru,PER,34.2857132,46.66666794,41.98113251,69.52381134,32.38095093,55.07246399
Y2019,Philippines,PHL,30.95238113,54.2857132,16.03773499,60,29.52380943,45.41062927
Y2019,Poland,POL,71.42857361,70.47618866,65.56604004,80.47618866,63.33333206,69.56521606
Y2019,Portugal,PRT,76.66666412,84.2857132,87.26415253,77.61904907,83.80952454,88.40579987
Y2019,Puerto Rico,PRI,55.23809433,43.33333206,53.30188751,74.2857132,70.95237732,61.83575058
Y2019,Qatar,QAT,78.57142639,73.80952454,69.81131744,73.80952454,74.2857132,13.52657032
Y2019,Reunion,REU,70.47618866,81.42857361,55.18867874,86.19047546,77.14286041,
Y2019,Romania,ROU,47.1428566,42.8571434,63.679245,66.19047546,63.80952454,64.25120544
Y2019,Russian Federation,RUS,23.80952454,52.8571434,25.94339561,33.80952454,23.80952454,17.87439537
Y2019,Rwanda,RWA,67.14286041,56.19047546,49.52830124,53.33333206,54.76190567,18.84057999
Y2019,Samoa,WSM,72.38095093,67.14286041,91.03773499,43.33333206,85.23809814,71.98067474
Y2019,San Marino,SMR,87.14286041,93.33333588,93.39622498,66.66666412,90.95237732,86.47342682
Y2019,Sao Tome and Principe,STP,59.04761887,24.2857151,61.79245377,13.80952358,25.23809433,59.90338135
Y2019,Saudi Arabia,SAU,62.38095093,63.80952454,23.58490562,49.52381134,57.1428566,5.314009666
Y2019,Senegal,SEN,55.7142868,45.7142868,48.58490753,46.19047546,47.1428566,54.10628128
Y2019,Serbia,SRB,37.61904907,51.90476227,44.3396225,59.52381134,49.52381134,43.9613533
Y2019,Seychelles,SYC,84.2857132,72.85713959,68.39622498,56.19047546,60,57.00482941
Y2019,Sierra Leone,SLE,36.19047546,10.95238113,45.75471878,15.71428585,22.38095284,40.09661865
Y2019,Singapore,SGP,99.04762268,100,97.64151001,100,97.61904907,39.13043594
Y2019,Slovak Republic,SVK,59.52381134,71.42857361,68.86792755,79.52381134,69.04762268,74.39613342
Y2019,Slovenia,SVN,80,81.90476227,74.52830505,79.04762268,82.85713959,78.74396515
Y2019,Solomon Islands,SLB,53.33333206,16.66666603,61.320755,17.61904716,50.47618866,62.31884003
Y2019,Somalia,SOM,0.476190478,0.952380955,2.830188751,1.90476191,0,2.898550749
Y2019,South Africa,ZAF,54.2857132,58.57143021,36.320755,55.23809433,48.09523773,68.11594391
Y2019,South Sudan,SSD,0,0,2.358490467,2.857142925,1.428571463,1.932367206
Y2019,Spain,ESP,73.80952454,79.52381134,58.01886749,81.90476227,80.95237732,80.67633057
Y2019,Sri Lanka,LKA,44.2857132,47.1428566,40.09434128,43.80952454,53.80952454,42.51207733
Y2019,St. Kitts and Nevis,KNA,63.80952454,70,70.75471497,68.57142639,65.23809814,72.94686127
Y2019,St. Lucia,LCA,69.52381134,65.7142868,77.83018494,63.33333206,72.85713959,75.84541321
Y2019,St. Vincent and the Grenadines,VCT,77.14286041,65.7142868,79.71697998,62.38095093,66.19047546,75.36231995
Y2019,Sudan,SDN,7.142857075,4.761904716,6.13207531,4.761904716,10.47619057,6.280193329
Y2019,Suriname,SUR,39.04761887,29.52380943,51.41509247,26.66666603,50.95238113,59.42028809
Y2019,Sweden,SWE,98.09523773,94.76190186,82.54717255,96.66666412,96.66666412,99.03381348
Y2019,Switzerland,CHE,96.66666412,99.04762268,94.3396225,94.76190186,99.04762268,97.58454132
Y2019,Syrian Arab Republic,SYR,1.428571463,3.809523821,0.471698105,3.333333254,0.952380955,1.449275374
Y2019,"Taiwan, China",TWN,81.42857361,89.52381134,73.11320496,90.47618866,83.33333588,79.22705078
Y2019,Tajikistan,TJK,9.047618866,12.38095284,26.41509438,11.4285717,8.571428299,3.864734411
Y2019,Tanzania,TZA,38.57143021,18.5714283,30.6603775,28.09523773,30,31.40096664
Y2019,Thailand,THA,35.7142868,63.33333206,27.83018875,51.90476227,56.19047546,23.67149734
Y2019,Timor-Leste,TLS,40.47618866,17.61904716,56.13207626,21.4285717,11.90476227,58.93719864
Y2019,Togo,TGO,26.19047546,14.76190472,16.50943375,23.80952454,29.04761887,27.05314064
Y2019,Tonga,TON,41.90476227,60.95238113,85.84906006,41.42856979,68.09523773,67.14975739
Y2019,Trinidad and Tobago,TTO,46.66666794,55.7142868,50.94339752,45.23809433,49.04761887,65.70048523
Y2019,Tunisia,TUN,50.95238113,50.47618866,17.45282936,38.57143021,55.7142868,55.55555725
Y2019,Turkiye,TUR,42.8571434,50.95238113,9.905660629,52.38095093,40.95238113,24.1545887
Y2019,Turkmenistan,TKM,7.619047642,14.28571415,40.56603622,2.380952358,6.190476418,0.966183603
Y2019,Tuvalu,TUV,65.23809814,33.80952454,91.98113251,37.1428566,71.42857361,87.9227066
Y2019,Uganda,UGA,11.4285717,28.09523773,22.16981125,36.66666794,41.42856979,28.98550797
Y2019,Ukraine,UKR,24.76190567,38.57143021,8.962264061,44.76190567,24.76190567,46.85990524
Y2019,United Arab Emirates,ARE,81.90476227,89.04762268,69.3396225,78.09523773,77.61904907,17.39130402
Y2019,United Kingdom,GBR,93.33333588,90,62.26415253,93.80952454,91.90476227,91.78743744
Y2019,United States,USA,87.61904907,90.47618866,52.35848999,89.04762268,89.04762268,77.29468536
Y2019,Uruguay,URY,88.09523773,73.33333588,83.96226501,72.85713959,73.33333588,88.8888855
Y2019,Uzbekistan,UZB,15.23809528,31.4285717,34.90565872,11.90476227,13.33333302,5.797101498
Y2019,Vanuatu,VUT,45.7142868,34.76190567,82.07546997,35.7142868,59.04761887,67.63285065
Y2019,"Venezuela, RB",VEN,3.809523821,4.285714149,8.490566254,0.476190478,0.476190478,9.66183567
Y2019,Viet Nam,VNM,32.8571434,53.33333206,49.05660248,39.04761887,51.90476227,11.594203
Y2019,Virgin Islands (U.S.),VIR,70.47618866,75.23809814,86.79244995,86.19047546,82.38095093,
Y2019,West Bank and Gaza,PSE,40.95238113,23.33333397,5.188679218,54.76190567,33.33333206,20.77294731
Y2019,"Yemen, Rep.",YEM,0.952380955,0.476190478,0,3.809523821,2.380952358,4.347826004
Y2019,Zambia,ZMB,27.61904716,25.23809433,43.39622498,29.04761887,34.76190567,35.74879074
Y2019,Zimbabwe,ZWE,10,9.047618866,15.09433937,6.190476418,7.142857075,16.42512131
Y2020,Canada,CAN,91.90476227,93.33333588,84.43395996,94.2857132,93.33333588,96.13526917
Y2020,Afghanistan,AFG,4.761904716,5.238095284,0.471698105,8.095237732,2.380952358,19.8067627
Y2020,Albania,ALB,31.90476227,48.09523773,50,58.57143021,40,51.20772934
Y2020,Algeria,DZA,27.61904716,31.90476227,17.92452812,8.571428299,22.38095284,19.32367134
Y2020,American Samoa,ASM,88.57142639,72.85713959,87.73584747,70.47618866,84.2857132,78.26087189
Y2020,Andorra,AND,88.57142639,95.7142868,99.05660248,88.57142639,92.85713959,83.09178925
Y2020,Angola,AGO,18.5714283,9.523809433,24.52830124,19.04761887,18.09523773,25.60386467
Y2020,Anguilla,AIA,73.80952454,80,98.58490753,79.52381134,63.33333206,
Y2020,Antigua and Barbuda,ATG,60.95238113,44.2857132,79.71697998,68.57142639,64.2857132,71.01449585
Y2020,Argentina,ARG,47.61904907,43.33333206,45.28302002,33.33333206,34.76190567,65.21739197
Y2020,Armenia,ARM,56.19047546,39.52381134,20.28301811,59.52381134,49.52381134,48.79227066
Y2020,Aruba,ABW,85.23809814,83.80952454,96.22641754,77.61904907,86.66666412,92.75362396
Y2020,Australia,AUS,93.80952454,92.85713959,74.52830505,98.09523773,91.90476227,93.23671722
Y2020,Austria,AUT,90.95237732,93.80952454,76.88679504,90.95237732,97.14286041,95.6521759
Y2020,Azerbaijan,AZE,15.23809528,47.61904907,17.45282936,39.04761887,24.2857151,5.797101498
Y2020,"Bahamas, The",BHS,83.33333588,67.61904907,73.11320496,52.38095093,54.2857132,76.8115921
Y2020,Bahrain,BHR,51.90476227,66.66666412,24.05660439,72.38095093,65.23809814,8.695652008
Y2020,Bangladesh,BGD,17.1428566,20.95238113,15.56603813,15.23809528,31.4285717,26.57004738
Y2020,Barbados,BRB,84.76190186,68.57142639,88.679245,66.19047546,60.47618866,86.47342682
Y2020,Belarus,BLR,49.52381134,18.5714283,16.98113251,21.4285717,14.28571415,9.178744316
Y2020,Belgium,BEL,90,84.2857132,64.15093994,89.04762268,87.61904907,90.82125854
Y2020,Belize,BLZ,46.19047546,30,63.679245,31.90476227,21.4285717,62.31884003
Y2020,Benin,BEN,54.76190567,40.95238113,31.60377312,35.23809433,23.80952454,42.99517059
Y2020,Bermuda,BMU,88.57142639,90.47618866,83.01886749,79.52381134,72.38095093,
Y2020,Bhutan,BTN,93.33333588,62.38095093,84.90566254,39.52381134,69.04762268,53.62318802
Y2020,Bolivia,BOL,22.38095284,24.76190567,29.24528313,12.85714245,9.523809433,42.02898407
Y2020,Bosnia and Herzegovina,BIH,28.5714283,12.38095284,30.6603775,44.76190567,42.38095093,36.231884
Y2020,Botswana,BWA,71.42857361,58.57143021,83.96226501,70.95237732,63.80952454,60.86956406
Y2020,Brazil,BRA,37.61904907,34.76190567,31.13207626,47.61904907,46.19047546,57.00482941
Y2020,Brunei Darussalam,BRN,85.7142868,89.52381134,92.92453003,76.66666412,79.04762268,22.70531464
Y2020,Bulgaria,BGR,43.80952454,43.80952454,58.49056625,65.7142868,49.04761887,56.0386467
Y2020,Burkina Faso,BFA,50.47618866,26.19047546,9.433961868,35.7142868,35.7142868,39.13043594
Y2020,Burundi,BDI,3.809523821,9.047618866,8.962264061,11.90476227,6.666666508,6.76328516
Y2020,Cabo Verde,CPV,79.52381134,60.47618866,75.94339752,57.61904907,64.76190186,76.32849884
Y2020,Cambodia,KHM,10.47619057,35.23809433,40.56603622,30,17.1428566,12.56038666
Y2020,Cameroon,CMR,12.38095284,17.1428566,9.905660629,20.47619057,11.4285717,15.45893764
Y2020,Cayman Islands,CYM,64.76190186,83.80952454,97.64151001,82.38095093,75.23809814,61.83575058
Y2020,Central African Republic,CAF,10,3.809523821,2.830188751,6.190476418,4.285714149,13.52657032
Y2020,Chad,TCD,6.190476418,6.190476418,11.320755,10.95238113,7.619047642,11.11111069
Y2020,Chile,CHL,82.85713959,74.2857132,48.58490753,80.47618866,80,79.71014404
Y2020,China,CHN,52.8571434,73.33333588,27.83018875,44.2857132,51.42856979,4.830917835
Y2020,Colombia,COL,45.7142868,52.38095093,21.22641563,59.04761887,33.80952454,53.14009476
Y2020,Comoros,COM,10.95238113,4.761904716,36.320755,10,8.571428299,27.05314064
Y2020,"Congo, Dem. Rep.",COD,2.380952358,3.333333254,5.660377502,5.714285851,2.857142925,14.97584534
Y2020,"Congo, Rep.",COG,5.238095284,10,40.09434128,7.142857075,12.38095284,14.49275398
Y2020,Cook Islands,COK,,,90.09433746,,,81.64250946
Y2020,Costa Rica,CRI,74.2857132,60,71.69811249,67.61904907,67.14286041,85.99034119
Y2020,Cote d'Ivoire,CIV,32.38095093,33.33333206,13.679245,37.61904907,27.61904716,33.33333206
Y2020,Croatia,HRV,59.52381134,68.09523773,66.50943756,63.33333206,59.52381134,64.73429871
Y2020,Cuba,CUB,48.57143021,44.76190567,65.56604004,5.238095284,42.8571434,10.14492798
Y2020,Cyprus,CYP,63.33333206,76.66666412,56.60377502,80.95237732,68.09523773,75.36231995
Y2020,Czechia,CZE,69.04762268,78.57142639,77.83018494,86.66666412,82.85713959,78.74396515
Y2020,Denmark,DNK,100,97.61904907,78.30188751,97.61904907,98.09523773,97.58454132
Y2020,Djibouti,DJI,25.23809433,21.4285717,30.18867874,18.5714283,15.23809528,10.62801933
Y2020,Dominica,DMA,69.52381134,48.57143021,94.81131744,60.95238113,75.7142868,73.91304016
Y2020,Dominican Republic,DOM,25.7142849,41.90476227,52.35848999,54.2857132,47.61904907,54.58937073
Y2020,Ecuador,ECU,33.80952454,34.2857132,37.26415253,18.09523773,31.90476227,45.41062927
Y2020,"Egypt, Arab Rep.",EGY,23.80952454,36.19047546,11.79245281,31.4285717,41.90476227,7.729468822
Y2020,El Salvador,SLV,30.95238113,42.8571434,44.3396225,49.04761887,23.33333397,50.72463608
Y2020,Equatorial Guinea,GNQ,4.285714149,10.47619057,39.62264252,4.285714149,11.90476227,2.898550749
Y2020,Eritrea,ERI,8.571428299,4.285714149,15.09433937,1.428571463,5.238095284,0.483091801
Y2020,Estonia,EST,92.38095093,87.61904907,70.75471497,92.85713959,88.09523773,87.9227066
Y2020,Eswatini,SWZ,44.76190567,22.8571434,46.69811249,34.2857132,33.33333206,13.04347801
Y2020,Ethiopia,ETH,40.47618866,30.47619057,6.13207531,14.28571415,38.57143021,20.77294731
Y2020,Fiji,FJI,71.90476227,70.95237732,68.39622498,48.57143021,57.1428566,50.24154663
Y2020,Finland,FIN,99.52381134,98.57142639,80.6603775,99.04762268,100,99.51690674
Y2020,France,FRA,83.80952454,85.7142868,56.13207626,85.23809814,87.14286041,82.12560272
Y2020,French Guiana,GUF,80.47618866,86.19047546,57.07546997,83.80952454,85.7142868,92.75362396
Y2020,Gabon,GAB,20.47619057,15.23809528,45.75471878,17.1428566,26.66666603,21.73913002
Y2020,"Gambia, The",GMB,38.09523773,20.47619057,55.18867874,25.23809433,39.04761887,38.64734268
Y2020,Georgia,GEO,70.95237732,74.76190186,32.54716873,81.42857361,58.57143021,49.75845337
Y2020,Germany,DEU,95.23809814,88.09523773,67.92453003,93.33333588,90.95237732,94.20289612
Y2020,Ghana,GHA,50,45.23809433,52.83018875,46.19047546,51.90476227,63.28502274
Y2020,Greece,GRC,57.1428566,67.14286041,51.41509247,71.42857361,60,77.77777863
Y2020,Greenland,GRL,81.42857361,75.7142868,100,90.47618866,94.2857132,92.75362396
Y2020,Grenada,GRD,63.80952454,51.90476227,86.320755,47.1428566,61.90476227,69.0821228
Y2020,Guam,GUM,88.57142639,72.85713959,77.35848999,70.47618866,84.2857132,84.05796814
Y2020,Guatemala,GTM,12.85714245,25.7142849,33.01886749,41.90476227,13.33333302,35.26570129
Y2020,Guinea,GIN,18.09523773,16.66666603,22.16981125,17.61904716,8.095237732,23.18840599
Y2020,Guinea-Bissau,GNB,7.142857075,7.142857075,20.75471687,9.523809433,5.714285851,34.29951859
Y2020,Guyana,GUY,46.66666794,35.7142868,42.92453003,32.38095093,36.66666794,54.10628128
Y2020,Haiti,HTI,7.619047642,1.428571463,14.15094376,10.47619057,16.19047546,24.63768196
Y2020,Honduras,HND,17.61904716,28.5714283,29.71698189,33.80952454,16.66666603,30.43478203
Y2020,"Hong Kong SAR, China",HKG,92.85713959,94.2857132,49.05660248,97.14286041,91.42857361,46.85990524
Y2020,Hungary,HUN,58.57143021,70,74.05660248,66.66666412,66.19047546,58.93719864
Y2020,Iceland,ISL,94.76190186,90.95237732,96.69811249,91.42857361,96.19047546,94.68598938
Y2020,India,IND,44.2857132,65.7142868,18.39622688,46.66666794,52.38095093,52.65700531
Y2020,Indonesia,IDN,36.66666794,63.80952454,28.30188751,58.09523773,40.47618866,52.17391205
Y2020,"Iran, Islamic Rep.",IRN,14.28571415,14.28571415,6.603773594,6.666666508,19.52380943,8.212560654
Y2020,Iraq,IRQ,9.047618866,8.571428299,1.886792421,9.047618866,3.333333254,21.25603867
Y2020,Ireland,IRL,91.42857361,90,80.18868256,91.90476227,89.52381134,95.16908264
Y2020,Israel,ISR,68.09523773,82.38095093,16.50943375,86.19047546,80.47618866,68.11594391
Y2020,Italy,ITA,67.14286041,65.23809814,58.01886749,68.09523773,57.61904907,81.15942383
Y2020,Jamaica,JAM,53.80952454,69.52381134,55.6603775,54.76190567,45.23809433,66.66666412
Y2020,Japan,JPN,90.47618866,92.38095093,85.37735748,89.52381134,90.47618866,79.22705078
Y2020,"Jersey, Channel Islands",JEY,81.42857361,85.23809814,95.28302002,80,94.2857132,92.75362396
Y2020,Jordan,JOR,57.61904907,54.76190567,37.73584747,60.47618866,56.19047546,28.5024147
Y2020,Kazakhstan,KAZ,40.95238113,55.7142868,38.20754623,56.66666794,36.19047546,15.942029
Y2020,Kenya,KEN,20.95238113,38.09523773,14.62264156,32.8571434,30.47619057,35.74879074
Y2020,Kiribati,KIR,66.19047546,57.1428566,90.56604004,37.1428566,82.38095093,84.5410614
Y2020,"Korea, Dem. People's Rep.",PRK,1.428571463,6.666666508,33.49056625,0,4.761904716,0
Y2020,"Korea, Rep.",KOR,75.23809814,89.04762268,66.98113251,81.90476227,84.76190186,72.46376801
Y2020,Kosovo,XKX,35.7142868,39.04761887,36.79245377,40,38.09523773,39.61352539
Y2020,Kuwait,KWT,52.38095093,45.7142868,54.24528122,61.42856979,61.42856979,29.95169067
Y2020,Kyrgyz Republic,KGZ,13.33333302,31.4285717,28.77358437,36.66666794,17.61904716,32.36714935
Y2020,Lao PDR,LAO,14.76190472,23.33333397,69.3396225,19.52380943,20,3.38164258
Y2020,Latvia,LVA,74.76190186,76.19047546,60.84905624,84.2857132,79.52381134,73.42995453
Y2020,Lebanon,LBN,11.90476227,10.95238113,8.018867493,23.80952454,19.04761887,32.85024261
Y2020,Lesotho,LSO,49.04761887,16.19047546,38.679245,29.04761887,34.2857132,45.89371872
Y2020,Liberia,LBR,20,7.619047642,35.37735748,12.38095284,15.71428585,43.47826004
Y2020,Libya,LBY,2.857142925,2.380952358,2.358490467,0.952380955,1.90476191,12.07729435
Y2020,Liechtenstein,LIE,95.7142868,96.19047546,99.52830505,94.76190186,95.23809814,89.85507202
Y2020,Lithuania,LTU,78.57142639,81.42857361,78.77358246,83.33333588,80.95237732,80.67633057
Y2020,Luxembourg,LUX,96.66666412,96.66666412,93.39622498,98.57142639,95.7142868,96.6183548
Y2020,"Macao SAR, China",MAC,77.61904907,83.80952454,89.15093994,96.19047546,76.19047546,37.19806671
Y2020,Madagascar,MDG,16.66666603,13.33333302,26.41509438,20.95238113,20.47619057,37.68115997
Y2020,Malawi,MWI,40,19.52380943,43.86792374,22.8571434,43.80952454,46.37681198
Y2020,Malaysia,MYS,60.47618866,81.90476227,51.88679123,72.85713959,68.57142639,40.09661865
Y2020,Maldives,MDV,45.23809433,50,57.54716873,30.95238113,45.7142868,36.71497726
Y2020,Mali,MLI,24.2857151,11.4285717,3.773584843,28.09523773,18.5714283,27.53623199
Y2020,Malta,MLT,62.8571434,80.95237732,82.07546997,85.7142868,78.09523773,85.02415466
Y2020,Marshall Islands,MHL,66.19047546,56.66666794,81.13207245,28.5714283,70.47618866,87.43961334
Y2020,Martinique,MTQ,73.80952454,80,66.03773499,79.52381134,72.38095093,
Y2020,Mauritania,MRT,23.33333397,17.61904716,21.69811249,16.19047546,30,25.12077332
Y2020,Mauritius,MUS,65.23809814,77.14286041,75.47169495,84.76190186,78.57142639,70.53140259
Y2020,Mexico,MEX,19.52380943,42.38095093,19.3396225,50.95238113,29.04761887,44.92753601
Y2020,"Micronesia, Fed. Sts.",FSM,80,64.76190186,88.20755005,16.66666603,56.66666794,86.95652008
Y2020,Moldova,MDA,30,33.80952454,34.90565872,51.42856979,32.38095093,43.9613533
Y2020,Monaco,MCO,88.57142639,99.52381134,92.45282745,88.57142639,89.04762268,68.59903717
Y2020,Mongolia,MNG,34.2857132,37.1428566,71.22641754,48.09523773,44.2857132,58.45410538
Y2020,Montenegro,MNE,54.2857132,49.52381134,46.22641373,64.2857132,52.8571434,47.82608795
Y2020,Morocco,MAR,38.57143021,46.66666794,33.96226501,50,47.1428566,31.40096664
Y2020,Mozambique,MOZ,24.76190567,20,10.84905624,23.33333397,14.76190472,30.91787529
Y2020,Myanmar,MMR,27.1428566,14.76190472,10.37735844,30.47619057,10.95238113,22.22222137
Y2020,Namibia,NAM,61.90476227,53.80952454,63.20754623,52.8571434,62.38095093,63.768116
Y2020,Nauru,NRU,70.47618866,57.61904907,72.64151001,49.52381134,50.95238113,62.80193329
Y2020,Nepal,NPL,29.04761887,15.71428585,41.50943375,25.7142849,32.8571434,42.51207733
Y2020,Netherlands,NLD,96.19047546,97.14286041,73.58490753,96.66666412,94.76190186,98.06763458
Y2020,Netherlands Antilles,ANT,,,,,,
Y2020,New Zealand,NZL,98.57142639,91.42857361,98.11320496,99.52381134,99.04762268,99.03381348
Y2020,Nicaragua,NIC,11.4285717,27.1428566,25.47169876,27.61904716,10.47619057,18.35748863
Y2020,Niger,NER,28.09523773,28.09523773,7.075471878,21.90476227,30.95238113,33.81642532
Y2020,Nigeria,NGA,13.80952358,11.90476227,4.716980934,13.33333302,20.95238113,31.884058
Y2020,Niue,NIU,,,95.75471497,,,90.33816528
Y2020,North Macedonia,MKD,34.76190567,52.8571434,50.94339752,64.76190186,50.47618866,49.27536392
Y2020,Norway,NOR,97.61904907,98.09523773,94.3396225,95.7142868,99.52381134,100
Y2020,Oman,OMN,60,55.23809433,59.90565872,65.23809814,69.52381134,16.90821266
Y2020,Pakistan,PAK,21.90476227,32.38095093,5.188679218,24.2857151,25.23809433,23.67149734
Y2020,Palau,PLW,70.47618866,66.19047546,91.03773499,71.90476227,74.76190186,82.60869598
Y2020,Panama,PAN,30.47619057,58.09523773,54.71697998,61.90476227,43.33333206,64.25120544
Y2020,Papua New Guinea,PNG,29.52380943,18.09523773,23.11320686,27.1428566,25.7142849,47.34299469
Y2020,Paraguay,PRY,21.4285717,32.8571434,48.11320877,45.7142868,37.1428566,48.3091774
Y2020,Peru,PER,32.8571434,40.47618866,34.43396378,67.14286041,39.52381134,55.55555725
Y2020,Philippines,PHL,33.33333206,54.2857132,19.81132126,57.1428566,28.09523773,41.06280136
Y2020,Poland,POL,72.38095093,64.2857132,62.26415253,76.19047546,67.61904907,66.18357849
Y2020,Portugal,PRT,76.66666412,80.47618866,83.49056244,75.23809814,85.23809814,89.37197876
Y2020,Puerto Rico,PRI,55.23809433,40,60.37735748,74.76190186,70.95237732,61.83575058
Y2020,Qatar,QAT,77.14286041,78.09523773,68.86792755,75.7142868,81.42857361,14.00966167
Y2020,Reunion,REU,73.80952454,80,53.77358627,79.52381134,72.38095093,
Y2020,Romania,ROU,51.42856979,41.42856979,62.73584747,62.8571434,62.8571434,65.70048523
Y2020,Russian Federation,RUS,19.04761887,49.04761887,22.64151001,34.76190567,21.90476227,20.28985596
Y2020,Rwanda,RWA,67.61904907,61.42856979,49.52830124,51.90476227,54.76190567,18.84057999
Y2020,Samoa,WSM,76.19047546,70.47618866,89.62264252,43.80952454,82.38095093,71.49758148
Y2020,San Marino,SMR,88.57142639,95.7142868,92.45282745,70.47618866,92.85713959,85.50724792
Y2020,Sao Tome and Principe,STP,59.04761887,25.23809433,61.79245377,14.76190472,26.19047546,57.48792267
Y2020,Saudi Arabia,SAU,61.42856979,56.19047546,23.58490562,60,58.09523773,5.314009666
Y2020,Senegal,SEN,55.7142868,50.95238113,42.45283127,41.42856979,41.42856979,55.07246399
Y2020,Serbia,SRB,37.1428566,51.42856979,41.98113251,56.19047546,50,40.57971191
Y2020,Seychelles,SYC,89.52381134,73.80952454,70.28302002,53.80952454,59.04761887,60.38647461
Y2020,Sierra Leone,SLE,39.52381134,12.85714245,35.84905624,15.71428585,22.8571434,41.54589462
Y2020,Singapore,SGP,99.04762268,100,97.16981506,100,98.57142639,38.16424942
Y2020,Slovak Republic,SVK,64.2857132,69.04762268,67.45282745,74.2857132,73.80952454,74.87922668
Y2020,Slovenia,SVN,78.09523773,84.76190186,69.81131744,77.14286041,83.33333588,77.29468536
Y2020,Solomon Islands,SLB,58.09523773,26.66666603,64.62264252,20,53.33333206,59.90338135
Y2020,Somalia,SOM,1.90476191,0.952380955,1.415094376,2.857142925,0.476190478,1.932367206
Y2020,South Africa,ZAF,53.33333206,53.33333206,39.15094376,53.33333206,44.76190567,70.04830933
Y2020,South Sudan,SSD,0,0.476190478,3.301886797,2.380952358,1.428571463,2.415458918
Y2020,Spain,ESP,75.7142868,77.61904907,58.96226501,73.80952454,76.66666412,80.1932373
Y2020,Sri Lanka,LKA,43.33333206,50.47618866,44.81132126,43.33333206,53.80952454,44.44444275
Y2020,St. Kitts and Nevis,KNA,62.38095093,72.85713959,79.71697998,69.04762268,65.7142868,71.98067474
Y2020,St. Lucia,LCA,68.57142639,63.33333206,75,63.80952454,74.2857132,74.39613342
Y2020,St. Vincent and the Grenadines,VCT,79.04762268,63.33333206,86.320755,62.38095093,70,75.84541321
Y2020,Sudan,SDN,6.666666508,5.714285851,7.547169685,4.761904716,13.80952358,9.66183567
Y2020,Suriname,SUR,36.19047546,30.95238113,59.43396378,22.38095284,48.57143021,59.42028809
Y2020,Sweden,SWE,98.09523773,94.76190186,81.60377502,95.23809814,96.66666412,97.10144806
Y2020,Switzerland,CHE,97.14286041,99.04762268,91.50943756,93.80952454,97.61904907,98.55072784
Y2020,Syrian Arab Republic,SYR,0.476190478,2.857142925,0,3.333333254,0.952380955,1.449275374
Y2020,"Taiwan, China",TWN,84.2857132,91.90476227,72.16981506,90,86.19047546,83.57488251
Y2020,Tajikistan,TJK,8.095237732,21.90476227,26.88679314,11.4285717,9.047618866,3.864734411
Y2020,Tanzania,TZA,39.04761887,23.80952454,27.35848999,26.19047546,29.52380943,28.98550797
Y2020,Thailand,THA,35.23809433,60.95238113,25.94339561,55.7142868,55.23809433,26.08695602
Y2020,Timor-Leste,TLS,42.8571434,22.38095284,53.30188751,24.76190567,10,57.97101593
Y2020,Togo,TGO,26.66666603,24.2857151,16.03773499,29.52380943,27.1428566,28.01932335
Y2020,Tonga,TON,42.38095093,61.90476227,87.26415253,38.09523773,66.66666412,69.56521606
Y2020,Trinidad and Tobago,TTO,48.09523773,59.04761887,50.47169876,45.23809433,48.09523773,67.14975739
Y2020,Tunisia,TUN,50.95238113,46.19047546,25,40.95238113,55.7142868,56.52173996
Y2020,Turkiye,TUR,41.90476227,47.1428566,12.73584938,50.47618866,37.61904907,24.1545887
Y2020,Turkmenistan,TKM,5.714285851,13.80952358,41.03773499,1.90476191,6.190476418,0.966183603
Y2020,Tuvalu,TUV,66.66666412,36.66666794,93.86792755,40.47618866,73.33333588,88.40579987
Y2020,Uganda,UGA,16.19047546,29.04761887,18.86792374,36.19047546,40.95238113,29.46859932
Y2020,Ukraine,UKR,22.8571434,37.61904907,12.26415062,42.38095093,24.76190567,51.6908226
Y2020,United Arab Emirates,ARE,82.38095093,87.14286041,65.09433746,82.85713959,77.61904907,16.42512131
Y2020,United Kingdom,GBR,94.2857132,88.57142639,61.320755,92.38095093,90,88.8888855
Y2020,United States,USA,81.90476227,86.66666412,47.64151001,87.14286041,88.57142639,72.94686127
Y2020,Uruguay,URY,89.04762268,75.23809814,86.79244995,73.33333588,72.85713959,93.71981049
Y2020,Uzbekistan,UZB,15.71428585,29.52380943,32.07546997,13.80952358,12.85714245,6.280193329
Y2020,Vanuatu,VUT,47.1428566,38.57143021,76.41509247,38.57143021,60.95238113,67.63285065
Y2020,"Venezuela, RB",VEN,3.333333254,1.90476191,8.490566254,0.476190478,0,7.246376991
Y2020,Viet Nam,VNM,41.42856979,59.52381134,47.16981125,42.8571434,46.66666794,11.594203
Y2020,Virgin Islands (U.S.),VIR,56.66666794,72.85713959,83.01886749,88.57142639,77.14286041,
Y2020,West Bank and Gaza,PSE,31.4285717,27.61904716,4.245283127,55.23809433,35.23809433,17.39130402
Y2020,"Yemen, Rep.",YEM,0.952380955,0,0.943396211,3.809523821,3.809523821,4.347826004
Y2020,Zambia,ZMB,26.19047546,19.04761887,43.39622498,26.66666603,28.5714283,34.78260803
Y2020,Zimbabwe,ZWE,9.523809433,8.095237732,13.20754719,7.619047642,7.142857075,17.87439537
Y2021,Canada,CAN,92.38095093,94.2857132,83.01886749,94.2857132,91.90476227,96.13526917
Y2021,Afghanistan,AFG,12.38095284,5.238095284,1.415094376,8.095237732,1.90476191,7.246376991
Y2021,Albania,ALB,31.90476227,50.95238113,52.35848999,58.57143021,42.8571434,50.24154663
Y2021,Algeria,DZA,29.52380943,28.5714283,15.56603813,10,22.38095284,20.77294731
Y2021,American Samoa,ASM,88.57142639,72.38095093,87.73584747,70.47618866,85.23809814,78.74396515
Y2021,Andorra,AND,88.57142639,97.14286041,98.58490753,89.52381134,93.33333588,81.15942383
Y2021,Angola,AGO,29.04761887,12.38095284,21.22641563,27.1428566,17.1428566,24.1545887
Y2021,Anguilla,AIA,73.33333588,79.52381134,98.11320496,80.95237732,63.33333206,
Y2021,Antigua and Barbuda,ATG,60.95238113,44.2857132,82.54717255,64.2857132,59.52381134,69.56521606
Y2021,Argentina,ARG,37.61904907,37.1428566,47.64151001,30,34.2857132,65.21739197
Y2021,Armenia,ARM,57.61904907,40,18.86792374,57.1428566,48.09523773,48.79227066
Y2021,Aruba,ABW,78.57142639,82.85713959,97.16981506,79.04762268,86.19047546,80.1932373
Y2021,Australia,AUS,94.76190186,92.85713959,75.47169495,98.57142639,92.38095093,93.71981049
Y2021,Austria,AUT,85.7142868,93.80952454,79.24528503,87.14286041,97.14286041,94.68598938
Y2021,Azerbaijan,AZE,21.4285717,58.57143021,18.39622688,50.47618866,29.52380943,7.729468822
Y2021,"Bahamas, The",BHS,83.80952454,67.14286041,76.41509247,54.2857132,54.76190567,75.36231995
Y2021,Bahrain,BHR,58.57143021,73.33333588,27.83018875,76.19047546,65.23809814,8.695652008
Y2021,Bangladesh,BGD,18.09523773,28.09523773,14.15094376,20.47619057,28.5714283,28.01932335
Y2021,Barbados,BRB,84.76190186,69.04762268,90.09433746,71.42857361,61.90476227,86.47342682
Y2021,Belarus,BLR,47.61904907,20.47619057,19.81132126,17.1428566,12.38095284,6.76328516
Y2021,Belgium,BEL,89.52381134,83.33333588,67.45282745,86.66666412,87.61904907,90.33816528
Y2021,Belize,BLZ,43.80952454,32.8571434,55.18867874,36.66666794,23.33333397,62.80193329
Y2021,Benin,BEN,49.04761887,42.8571434,32.07546997,36.19047546,28.09523773,38.16424942
Y2021,Bermuda,BMU,88.57142639,92.38095093,83.96226501,80.95237732,72.38095093,
Y2021,Bhutan,BTN,90.47618866,74.2857132,72.64151001,37.1428566,70.47618866,55.07246399
Y2021,Bolivia,BOL,20.47619057,24.2857151,36.79245377,10.95238113,11.4285717,42.02898407
Y2021,Bosnia and Herzegovina,BIH,28.09523773,12.85714245,30.6603775,46.19047546,41.42856979,36.231884
Y2021,Botswana,BWA,74.76190186,63.33333206,86.79244995,71.90476227,66.19047546,60.38647461
Y2021,Brazil,BRA,34.2857132,33.80952454,31.13207626,47.1428566,41.90476227,56.0386467
Y2021,Brunei Darussalam,BRN,85.23809814,90.47618866,91.50943756,81.42857361,78.57142639,24.63768196
Y2021,Bulgaria,BGR,48.09523773,45.23809433,58.01886749,66.66666412,52.38095093,56.52173996
Y2021,Burkina Faso,BFA,50.47618866,23.80952454,7.547169685,35.23809433,35.23809433,41.54589462
Y2021,Burundi,BDI,2.857142925,8.571428299,10.84905624,13.33333302,8.095237732,12.07729435
Y2021,Cabo Verde,CPV,82.38095093,52.38095093,78.77358246,60.47618866,60.95238113,76.8115921
Y2021,Cambodia,KHM,11.4285717,34.2857132,42.45283127,26.66666603,19.52380943,10.62801933
Y2021,Cameroon,CMR,13.80952358,16.19047546,9.905660629,16.66666603,12.85714245,17.87439537
Y2021,Cayman Islands,CYM,66.19047546,86.19047546,99.52830505,82.38095093,75.23809814,70.53140259
Y2021,Central African Republic,CAF,10.95238113,4.761904716,4.245283127,5.238095284,4.285714149,15.45893764
Y2021,Chad,TCD,4.761904716,6.666666508,10.37735844,10.47619057,7.619047642,11.594203
Y2021,Chile,CHL,80.95237732,70,51.41509247,78.57142639,80.47618866,78.26087189
Y2021,China,CHN,56.19047546,75.7142868,28.30188751,40,52.8571434,5.314009666
Y2021,Colombia,COL,41.90476227,50.47618866,16.50943375,60,34.76190567,51.20772934
Y2021,Comoros,COM,7.619047642,2.380952358,39.15094376,9.047618866,9.523809433,28.98550797
Y2021,"Congo, Dem. Rep.",COD,4.285714149,3.333333254,7.075471878,6.666666508,3.809523821,16.90821266
Y2021,"Congo, Rep.",COG,6.190476418,9.523809433,38.679245,9.523809433,13.80952358,14.97584534
Y2021,Cook Islands,COK,,,91.03773499,,,87.9227066
Y2021,Costa Rica,CRI,66.66666412,59.52381134,76.88679504,67.14286041,63.80952454,83.09178925
Y2021,Cote d'Ivoire,CIV,40,32.38095093,20.75471687,43.33333206,27.1428566,34.29951859
Y2021,Croatia,HRV,56.66666794,69.52381134,66.03773499,68.09523773,58.57143021,64.73429871
Y2021,Cuba,CUB,54.2857132,41.90476227,58.49056625,6.190476418,37.61904907,11.11111069
Y2021,Cyprus,CYP,63.80952454,73.80952454,58.96226501,76.66666412,70.95237732,73.42995453
Y2021,Czechia,CZE,71.90476227,81.42857361,81.60377502,87.61904907,83.33333588,79.71014404
Y2021,Denmark,DNK,100,98.57142639,80.18868256,97.61904907,99.04762268,98.55072784
Y2021,Djibouti,DJI,23.80952454,19.04761887,25.94339561,19.04761887,16.19047546,13.52657032
Y2021,Dominica,DMA,68.57142639,48.09523773,95.75471497,61.42856979,73.33333588,72.46376801
Y2021,Dominican Republic,DOM,30.95238113,51.90476227,55.6603775,56.19047546,48.57143021,57.00482941
Y2021,Ecuador,ECU,30,42.38095093,37.26415253,25.7142849,40.95238113,51.6908226
Y2021,"Egypt, Arab Rep.",EGY,26.66666603,34.76190567,14.62264156,34.2857132,43.80952454,8.212560654
Y2021,El Salvador,SLV,32.8571434,38.09523773,44.81132126,39.52381134,21.4285717,45.41062927
Y2021,Equatorial Guinea,GNQ,3.333333254,11.4285717,40.56603622,3.809523821,10.95238113,2.415458918
Y2021,Eritrea,ERI,9.523809433,4.285714149,13.679245,0.476190478,5.238095284,0.483091801
Y2021,Estonia,EST,90,88.57142639,70.75471497,92.85713959,88.57142639,88.40579987
Y2021,Eswatini,SWZ,27.1428566,25.7142849,33.96226501,31.4285717,31.4285717,14.00966167
Y2021,Ethiopia,ETH,38.09523773,29.04761887,3.773584843,16.19047546,29.04761887,20.28985596
Y2021,Fiji,FJI,65.7142868,72.85713959,69.3396225,51.90476227,59.04761887,39.13043594
Y2021,Finland,FIN,99.52381134,98.09523773,83.49056244,99.04762268,100,99.51690674
Y2021,France,FRA,89.04762268,85.23809814,56.60377502,85.7142868,87.14286041,85.50724792
Y2021,French Guiana,GUF,80.47618866,84.76190186,57.07546997,84.2857132,85.7142868,91.78743744
Y2021,Gabon,GAB,20.95238113,20,45.75471878,21.90476227,24.76190567,23.18840599
Y2021,"Gambia, The",GMB,40.95238113,27.1428566,48.11320877,18.5714283,38.57143021,42.51207733
Y2021,Georgia,GEO,73.80952454,70.95237732,30.18867874,82.85713959,55.7142868,47.34299469
Y2021,Germany,DEU,95.7142868,87.14286041,69.81131744,94.76190186,91.42857361,95.6521759
Y2021,Ghana,GHA,50,44.76190567,50,45.7142868,50.47618866,60.86956406
Y2021,Greece,GRC,59.52381134,66.66666412,50.94339752,66.19047546,60.47618866,77.77777863
Y2021,Greenland,GRL,81.90476227,74.76190186,100,88.09523773,94.2857132,91.78743744
Y2021,Grenada,GRD,67.14286041,53.33333206,86.320755,62.38095093,67.14286041,69.0821228
Y2021,Guam,GUM,88.57142639,72.38095093,77.35848999,70.47618866,85.23809814,87.43961334
Y2021,Guatemala,GTM,11.90476227,22.38095284,32.54716873,40.47618866,13.33333302,33.81642532
Y2021,Guinea,GIN,17.1428566,14.76190472,17.45282936,13.80952358,11.90476227,21.25603867
Y2021,Guinea-Bissau,GNB,7.142857075,7.142857075,36.320755,8.571428299,6.190476418,37.68115997
Y2021,Guyana,GUY,48.57143021,40.95238113,41.98113251,33.80952454,38.09523773,55.55555725
Y2021,Haiti,HTI,5.238095284,0.952380955,12.26415062,7.619047642,9.047618866,22.70531464
Y2021,Honduras,HND,14.76190472,19.52380943,24.05660439,33.33333206,15.23809528,32.85024261
Y2021,"Hong Kong SAR, China",HKG,94.2857132,93.33333588,54.71697998,93.80952454,90,37.19806671
Y2021,Hungary,HUN,55.23809433,70.47618866,73.11320496,67.61904907,67.61904907,58.93719864
Y2021,Iceland,ISL,95.23809814,94.76190186,96.22641754,91.90476227,96.19047546,94.20289612
Y2021,India,IND,44.76190567,60.95238113,22.64151001,49.04761887,50,50.72463608
Y2021,Indonesia,IDN,36.66666794,64.2857132,27.35848999,60.95238113,44.2857132,53.14009476
Y2021,"Iran, Islamic Rep.",IRN,13.33333302,17.1428566,8.018867493,4.761904716,17.61904716,9.178744316
Y2021,Iraq,IRQ,9.047618866,9.047618866,1.886792421,11.90476227,3.333333254,21.73913002
Y2021,Ireland,IRL,92.85713959,91.42857361,75.94339752,93.33333588,90.47618866,95.16908264
Y2021,Israel,ISR,80,86.66666412,13.20754719,84.76190186,81.42857361,67.63285065
Y2021,Italy,ITA,67.61904907,63.80952454,63.679245,68.57142639,58.09523773,83.57488251
Y2021,Jamaica,JAM,52.38095093,65.7142868,52.83018875,59.52381134,46.19047546,65.70048523
Y2021,Japan,JPN,90.95237732,89.04762268,84.90566254,90,90.95237732,82.12560272
Y2021,"Jersey, Channel Islands",JEY,81.90476227,84.2857132,94.81131744,78.09523773,94.2857132,91.78743744
Y2021,Jordan,JOR,55.7142868,58.09523773,35.37735748,57.61904907,56.66666794,27.05314064
Y2021,Kazakhstan,KAZ,47.1428566,54.76190567,38.20754623,55.7142868,33.33333206,18.84057999
Y2021,Kenya,KEN,26.19047546,38.57143021,15.09433937,35.7142868,37.1428566,35.74879074
Y2021,Kiribati,KIR,61.90476227,56.66666794,90.56604004,39.04761887,79.52381134,86.95652008
Y2021,"Korea, Dem. People's Rep.",PRK,2.380952358,6.190476418,28.77358437,0,4.761904716,0
Y2021,"Korea, Rep.",KOR,76.66666412,90,66.50943756,83.33333588,83.80952454,77.29468536
Y2021,Kosovo,XKX,43.33333206,41.42856979,43.39622498,42.8571434,42.38095093,43.47826004
Y2021,Kuwait,KWT,51.90476227,49.52381134,54.24528122,58.09523773,57.61904907,29.95169067
Y2021,Kyrgyz Republic,KGZ,12.85714245,22.8571434,29.71698189,30.47619057,14.28571415,31.884058
Y2021,Lao PDR,LAO,15.23809528,30.95238113,68.86792755,17.61904716,26.66666603,4.347826004
Y2021,Latvia,LVA,76.19047546,76.66666412,67.92453003,85.23809814,81.90476227,74.87922668
Y2021,Lebanon,LBN,10.47619057,10,8.962264061,18.09523773,14.76190472,30.91787529
Y2021,Lesotho,LSO,42.8571434,15.23809528,39.62264252,24.76190567,36.19047546,46.37681198
Y2021,Liberia,LBR,19.04761887,8.095237732,35.84905624,14.76190472,18.09523773,45.89371872
Y2021,Libya,LBY,3.809523821,3.809523821,2.830188751,2.857142925,2.857142925,9.66183567
Y2021,Liechtenstein,LIE,93.80952454,91.90476227,99.05660248,92.38095093,95.7142868,93.23671722
Y2021,Lithuania,LTU,79.52381134,80.95237732,73.58490753,86.19047546,82.85713959,80.67633057
Y2021,Luxembourg,LUX,96.19047546,95.7142868,93.39622498,99.52381134,96.66666412,97.58454132
Y2021,"Macao SAR, China",MAC,79.04762268,82.85713959,85.37735748,97.14286041,76.19047546,33.33333206
Y2021,Madagascar,MDG,18.5714283,13.33333302,26.88679314,20.95238113,20.47619057,36.71497726
Y2021,Malawi,MWI,44.2857132,21.90476227,43.86792374,22.38095284,45.23809433,49.27536392
Y2021,Malaysia,MYS,59.04761887,80.47618866,49.05660248,72.38095093,68.57142639,39.61352539
Y2021,Maldives,MDV,45.23809433,67.61904907,62.73584747,30.95238113,49.52381134,38.64734268
Y2021,Mali,MLI,20,10.95238113,2.358490467,29.52380943,19.04761887,26.08695602
Y2021,Malta,MLT,62.8571434,77.14286041,77.83018494,74.2857132,77.14286041,82.60869598
Y2021,Marshall Islands,MHL,64.76190186,53.80952454,80.6603775,27.61904716,75.7142868,85.02415466
Y2021,Martinique,MTQ,73.33333588,79.52381134,66.98113251,80.95237732,72.38095093,
Y2021,Mauritania,MRT,21.90476227,23.33333397,26.41509438,12.85714245,25.23809433,28.5024147
Y2021,Mauritius,MUS,65.23809814,76.19047546,74.52830505,83.80952454,77.61904907,67.14975739
Y2021,Mexico,MEX,17.61904716,37.61904907,23.11320686,44.2857132,22.8571434,43.9613533
Y2021,"Micronesia, Fed. Sts.",FSM,69.52381134,61.90476227,93.86792755,26.19047546,68.09523773,85.99034119
Y2021,Moldova,MDA,35.23809433,36.19047546,40.09434128,52.38095093,40.47618866,48.3091774
Y2021,Monaco,MCO,88.57142639,99.52381134,92.92453003,89.52381134,89.04762268,68.11594391
Y2021,Mongolia,MNG,33.33333206,33.33333206,68.39622498,43.80952454,44.76190567,57.48792267
Y2021,Montenegro,MNE,52.8571434,51.42856979,46.22641373,65.7142868,51.42856979,53.62318802
Y2021,Morocco,MAR,38.57143021,45.7142868,31.60377312,46.66666794,45.7142868,32.36714935
Y2021,Mozambique,MOZ,22.38095284,20.95238113,11.320755,22.8571434,15.71428585,31.40096664
Y2021,Myanmar,MMR,15.71428585,7.619047642,4.716980934,12.38095284,5.714285851,4.830917835
Y2021,Namibia,NAM,60.47618866,55.7142868,62.26415253,51.42856979,61.42856979,63.28502274
Y2021,Nauru,NRU,71.42857361,56.19047546,72.16981506,50,51.90476227,61.35265732
Y2021,Nepal,NPL,32.38095093,15.71428585,41.03773499,28.5714283,33.80952454,42.99517059
Y2021,Netherlands,NLD,97.14286041,96.19047546,78.30188751,96.19047546,94.76190186,96.6183548
Y2021,Netherlands Antilles,ANT,,,,,,
Y2021,New Zealand,NZL,99.04762268,88.09523773,96.69811249,98.09523773,98.09523773,99.03381348
Y2021,Nicaragua,NIC,10,17.61904716,29.24528313,19.52380943,7.142857075,14.49275398
Y2021,Niger,NER,31.4285717,30.47619057,8.490566254,24.2857151,36.66666794,34.78260803
Y2021,Nigeria,NGA,14.28571415,13.80952358,6.13207531,15.71428585,20.95238113,30.43478203
Y2021,Niue,NIU,,,95.28302002,,,92.75362396
Y2021,North Macedonia,MKD,41.42856979,47.1428566,49.52830124,65.23809814,50.95238113,52.65700531
Y2021,Norway,NOR,98.09523773,97.61904907,88.679245,95.23809814,99.52381134,100
Y2021,Oman,OMN,58.09523773,46.66666794,59.43396378,62.8571434,62.8571434,15.942029
Y2021,Pakistan,PAK,23.33333397,35.7142868,6.603773594,23.80952454,27.61904716,25.12077332
Y2021,Palau,PLW,71.42857361,65.23809814,91.98113251,69.04762268,74.2857132,81.64250946
Y2021,Panama,PAN,30.47619057,57.1428566,56.13207626,59.04761887,43.33333206,62.31884003
Y2021,Papua New Guinea,PNG,24.76190567,16.66666603,25,21.4285717,23.80952454,47.82608795
Y2021,Paraguay,PRY,16.66666603,27.61904716,47.16981125,44.76190567,30.95238113,46.85990524
Y2021,Peru,PER,28.5714283,39.52381134,33.49056625,55.23809433,32.38095093,54.10628128
Y2021,Philippines,PHL,33.80952454,55.23809433,16.03773499,54.76190567,26.19047546,40.09661865
Y2021,Poland,POL,68.09523773,61.42856979,61.320755,75.7142868,64.2857132,63.768116
Y2021,Portugal,PRT,77.14286041,80,81.13207245,73.33333588,84.2857132,89.37197876
Y2021,Puerto Rico,PRI,63.33333206,39.04761887,60.37735748,75.23809814,69.04762268,61.83575058
Y2021,Qatar,QAT,78.09523773,81.90476227,75,77.14286041,80.95237732,17.39130402
Y2021,Reunion,REU,73.33333588,79.52381134,53.30188751,80.95237732,72.38095093,
Y2021,Romania,ROU,51.42856979,46.19047546,64.15093994,61.90476227,62.38095093,64.25120544
Y2021,Russian Federation,RUS,19.52380943,43.33333206,21.69811249,32.8571434,20,19.8067627
Y2021,Rwanda,RWA,70,60,50.47169876,53.80952454,56.19047546,22.22222137
Y2021,Samoa,WSM,70.47618866,66.19047546,89.15093994,45.23809433,79.52381134,70.04830933
Y2021,San Marino,SMR,88.57142639,97.14286041,92.92453003,70.47618866,93.33333588,84.05796814
Y2021,Sao Tome and Principe,STP,61.42856979,24.76190567,64.62264252,15.23809528,24.2857151,57.97101593
Y2021,Saudi Arabia,SAU,62.38095093,68.09523773,24.52830124,63.33333206,57.1428566,6.280193329
Y2021,Senegal,SEN,57.1428566,54.2857132,41.50943375,40.95238113,39.04761887,54.58937073
Y2021,Serbia,SRB,35.7142868,52.8571434,45.28302002,53.33333206,49.04761887,41.06280136
Y2021,Seychelles,SYC,91.90476227,77.61904907,70.28302002,52.8571434,60,66.18357849
Y2021,Sierra Leone,SLE,36.19047546,11.90476227,44.3396225,14.28571415,21.90476227,44.92753601
Y2021,Singapore,SGP,98.57142639,100,97.64151001,100,98.57142639,40.57971191
Y2021,Slovak Republic,SVK,60,68.57142639,65.56604004,77.61904907,72.85713959,75.84541321
Y2021,Slovenia,SVN,75.23809814,83.80952454,71.22641754,74.76190186,82.38095093,76.32849884
Y2021,Solomon Islands,SLB,49.52381134,18.5714283,63.20754623,20,40,59.42028809
Y2021,Somalia,SOM,0.952380955,1.428571463,0,3.333333254,0.476190478,1.932367206
Y2021,South Africa,ZAF,53.80952454,50,20.28301811,49.52381134,53.80952454,71.49758148
Y2021,South Sudan,SSD,0,0,3.301886797,2.380952358,1.428571463,2.898550749
Y2021,Spain,ESP,75.7142868,78.09523773,61.79245377,73.80952454,78.09523773,79.22705078
Y2021,Sri Lanka,LKA,42.38095093,49.04761887,33.01886749,38.57143021,53.33333206,44.44444275
Y2021,St. Kitts and Nevis,KNA,64.2857132,64.76190186,82.54717255,70.95237732,66.66666412,71.01449585
Y2021,St. Lucia,LCA,69.04762268,48.09523773,74.05660248,64.76190186,70,72.94686127
Y2021,St. Vincent and the Grenadines,VCT,77.61904907,62.38095093,86.320755,63.80952454,69.52381134,73.91304016
Y2021,Sudan,SDN,8.571428299,5.714285851,5.188679218,5.714285851,10,10.14492798
Y2021,Suriname,SUR,39.04761887,26.66666603,57.54716873,25.23809433,47.61904907,58.45410538
Y2021,Sweden,SWE,97.61904907,95.23809814,84.43395996,96.66666412,95.23809814,97.10144806
Y2021,Switzerland,CHE,96.66666412,99.04762268,89.62264252,95.7142868,97.61904907,98.06763458
Y2021,Syrian Arab Republic,SYR,0.476190478,2.857142925,0.471698105,4.285714149,0.952380955,0.966183603
Y2021,"Taiwan, China",TWN,84.2857132,90.95237732,71.69811249,91.42857361,86.66666412,84.5410614
Y2021,Tajikistan,TJK,6.666666508,30,23.58490562,11.4285717,10.47619057,3.38164258
Y2021,Tanzania,TZA,40.47618866,29.52380943,34.43396378,29.04761887,31.90476227,29.46859932
Y2021,Thailand,THA,34.76190567,59.04761887,25.47169876,56.66666794,55.23809433,27.53623199
Y2021,Timor-Leste,TLS,50.95238113,25.23809433,51.88679123,23.33333397,16.66666603,59.90338135
Y2021,Togo,TGO,27.61904716,26.19047546,22.16981125,28.09523773,30.47619057,26.57004738
Y2021,Tonga,TON,37.1428566,62.8571434,88.20755005,41.42856979,64.76190186,71.98067474
Y2021,Trinidad and Tobago,TTO,46.19047546,57.61904907,53.77358627,48.57143021,47.1428566,66.66666412
Y2021,Tunisia,TUN,46.66666794,43.80952454,19.3396225,38.09523773,54.2857132,52.17391205
Y2021,Turkiye,TUR,39.52381134,48.57143021,11.79245281,48.09523773,35.7142868,23.67149734
Y2021,Turkmenistan,TKM,5.714285851,14.28571415,34.90565872,1.90476191,6.666666508,1.449275374
Y2021,Tuvalu,TUV,74.2857132,36.66666794,94.3396225,41.90476227,74.76190186,88.8888855
Y2021,Uganda,UGA,16.19047546,31.4285717,17.92452812,34.76190567,39.52381134,25.60386467
Y2021,Ukraine,UKR,24.2857151,35.23809433,12.73584938,42.38095093,25.7142849,49.75845337
Y2021,United Arab Emirates,ARE,83.33333588,89.52381134,65.09433746,81.90476227,76.66666412,16.42512131
Y2021,United Kingdom,GBR,93.33333588,85.7142868,60.84905624,90.95237732,89.52381134,89.85507202
Y2021,United States,USA,82.85713959,87.61904907,46.69811249,90.47618866,88.09523773,74.39613342
Y2021,Uruguay,URY,91.42857361,75.23809814,87.26415253,72.85713959,73.80952454,92.2705307
Y2021,Uzbekistan,UZB,22.8571434,40.47618866,37.73584747,31.90476227,18.5714283,12.56038666
Y2021,Vanuatu,VUT,53.33333206,31.90476227,79.71697998,47.61904907,65.7142868,68.59903717
Y2021,"Venezuela, RB",VEN,1.90476191,1.90476191,9.433961868,0.952380955,0,5.797101498
Y2021,Viet Nam,VNM,45.7142868,60.47618866,42.92453003,37.61904907,46.66666794,13.04347801
Y2021,Virgin Islands (U.S.),VIR,54.76190567,72.38095093,59.90565872,89.52381134,80,
Y2021,West Bank and Gaza,PSE,25.23809433,21.4285717,5.660377502,50.95238113,32.8571434,19.32367134
Y2021,"Yemen, Rep.",YEM,1.428571463,0.476190478,0.943396211,1.428571463,2.380952358,3.864734411
Y2021,Zambia,ZMB,25.7142849,18.09523773,48.58490753,32.38095093,30,35.26570129
Y2021,Zimbabwe,ZWE,8.095237732,10.47619057,16.98113251,7.142857075,8.571428299,18.35748863
Y2022,Canada,CAN,93.39622498,94.3396225,73.58490753,95.75471497,92.92453003,95.6521759
Y2022,Afghanistan,AFG,12.26415062,1.886792421,0.943396211,8.962264061,5.188679218,2.415458918
Y2022,Albania,ALB,38.679245,56.13207626,49.52830124,57.54716873,47.16981125,52.17391205
Y2022,Algeria,DZA,27.83018875,32.54716873,22.64151001,14.15094376,22.16981125,21.73913002
Y2022,American Samoa,ASM,88.679245,74.52830505,91.03773499,70.75471497,86.320755,77.29468536
Y2022,Andorra,AND,88.679245,92.45282745,98.58490753,90.09433746,90.56604004,85.99034119
Y2022,Angola,AGO,30.18867874,14.15094376,23.11320686,29.71698189,16.50943375,26.08695602
Y2022,Anguilla,AIA,88.679245,84.43395996,91.03773499,80.18868256,63.679245,
Y2022,Antigua and Barbuda,ATG,63.20754623,46.22641373,81.13207245,61.320755,61.320755,70.04830933
Y2022,Argentina,ARG,36.320755,41.50943375,44.3396225,25.94339561,34.43396378,62.80193329
Y2022,Armenia,ARM,56.13207626,39.62264252,19.3396225,51.88679123,46.22641373,51.20772934
Y2022,Aruba,ABW,77.35848999,82.07546997,97.64151001,77.83018494,87.26415253,79.71014404
Y2022,Australia,AUS,95.28302002,92.92453003,83.01886749,99.52830505,91.03773499,93.23671722
Y2022,Austria,AUT,84.90566254,91.50943756,68.39622498,87.26415253,95.75471497,94.20289612
Y2022,Azerbaijan,AZE,16.98113251,50.94339752,16.03773499,48.11320877,27.35848999,9.66183567
Y2022,"Bahamas, The",BHS,84.43395996,65.09433746,77.83018494,47.16981125,55.6603775,74.39613342
Y2022,Bahrain,BHR,59.43396378,72.16981506,33.01886749,78.30188751,65.09433746,10.14492798
Y2022,Bangladesh,BGD,15.56603813,24.05660439,13.20754719,17.92452812,29.24528313,28.01932335
Y2022,Barbados,BRB,89.15093994,65.56604004,91.50943756,67.92453003,60.37735748,87.43961334
Y2022,Belarus,BLR,31.60377312,20.75471687,17.92452812,7.547169685,11.79245281,5.314009666
Y2022,Belgium,BEL,89.62264252,84.90566254,66.50943756,86.79244995,88.20755005,92.75362396
Y2022,Belize,BLZ,48.11320877,36.320755,65.09433746,35.84905624,24.52830124,61.83575058
Y2022,Benin,BEN,51.88679123,44.81132126,35.37735748,39.62264252,29.71698189,37.19806671
Y2022,Bermuda,BMU,88.679245,84.43395996,84.43395996,80.18868256,74.05660248,
Y2022,Bhutan,BTN,90.09433746,69.81131744,83.49056244,38.679245,71.69811249,53.14009476
Y2022,Bolivia,BOL,20.75471687,31.60377312,41.50943375,10.37735844,9.433961868,40.09661865
Y2022,Bosnia and Herzegovina,BIH,26.41509438,12.73584938,27.83018875,45.75471878,41.50943375,37.68115997
Y2022,Botswana,BWA,74.05660248,66.50943756,87.26415253,72.16981506,65.56604004,60.86956406
Y2022,Brazil,BRA,32.07546997,31.13207626,31.13207626,43.86792374,43.39622498,55.55555725
Y2022,Brunei Darussalam,BRN,83.96226501,91.03773499,94.81131744,82.54717255,80.18868256,25.60386467
Y2022,Bulgaria,BGR,50,42.45283127,54.71697998,61.79245377,50,57.48792267
Y2022,Burkina Faso,BFA,50.94339752,20.28301811,7.075471878,34.43396378,28.77358437,29.95169067
Y2022,Burundi,BDI,4.245283127,10.37735844,12.73584938,17.45282936,9.905660629,10.62801933
Y2022,Cabo Verde,CPV,80.6603775,53.30188751,80.18868256,60.84905624,61.79245377,76.8115921
Y2022,Cambodia,KHM,9.905660629,36.79245377,44.81132126,25,21.22641563,13.04347801
Y2022,Cameroon,CMR,13.20754719,18.86792374,10.84905624,19.3396225,15.56603813,17.87439537
Y2022,Cayman Islands,CYM,66.50943756,87.73584747,100,83.49056244,74.52830505,70.53140259
Y2022,Central African Republic,CAF,8.962264061,4.245283127,3.301886797,6.13207531,3.773584843,15.45893764
Y2022,Chad,TCD,4.716980934,8.490566254,8.962264061,12.73584938,8.018867493,8.212560654
Y2022,Chile,CHL,81.13207245,69.3396225,50.47169876,81.13207245,72.16981506,78.74396515
Y2022,China,CHN,55.18867874,68.39622498,29.71698189,36.79245377,52.83018875,6.280193329
Y2022,Colombia,COL,41.50943375,52.83018875,23.58490562,56.60377502,38.679245,54.10628128
Y2022,Comoros,COM,9.433961868,6.13207531,39.15094376,10.84905624,8.490566254,25.12077332
Y2022,"Congo, Dem. Rep.",COD,3.301886797,3.301886797,5.660377502,5.660377502,4.245283127,16.90821266
Y2022,"Congo, Rep.",COG,7.075471878,8.962264061,47.64151001,9.433961868,15.09433937,15.942029
Y2022,Cook Islands,COK,57.07546997,45.75471878,92.45282745,49.52830124,32.07546997,74.87922668
Y2022,Costa Rica,CRI,66.98113251,55.18867874,81.60377502,71.22641754,64.62264252,82.60869598
Y2022,Cote d'Ivoire,CIV,42.92453003,37.73584747,25,46.22641373,35.37735748,35.74879074
Y2022,Croatia,HRV,59.90565872,70.28302002,69.3396225,68.39622498,60.84905624,66.66666412
Y2022,Cuba,CUB,52.35848999,37.26415253,61.320755,7.075471878,36.79245377,12.07729435
Y2022,Cyprus,CYP,66.03773499,75.47169495,58.49056625,75.47169495,68.86792755,73.42995453
Y2022,Czechia,CZE,74.52830505,81.13207245,75,88.679245,83.49056244,81.15942383
Y2022,Denmark,DNK,100,98.58490753,76.88679504,98.58490753,99.52830505,98.06763458
Y2022,Djibouti,DJI,23.11320686,22.64151001,26.88679314,18.86792374,14.15094376,13.52657032
Y2022,Dominica,DMA,69.3396225,49.05660248,95.75471497,62.73584747,75.47169495,71.49758148
Y2022,Dominican Republic,DOM,36.79245377,50.47169876,52.35848999,54.24528122,50.94339752,57.97101593
Y2022,Ecuador,ECU,29.71698189,40.56603622,32.54716873,35.37735748,27.83018875,48.79227066
Y2022,"Egypt, Arab Rep.",EGY,26.88679314,34.43396378,14.62264156,24.52830124,42.92453003,9.178744316
Y2022,El Salvador,SLV,27.35848999,39.15094376,34.90565872,34.90565872,24.05660439,36.71497726
Y2022,Equatorial Guinea,GNQ,2.830188751,9.905660629,38.20754623,5.188679218,7.075471878,2.898550749
Y2022,Eritrea,ERI,8.018867493,3.773584843,15.09433937,0.471698105,2.830188751,1.449275374
Y2022,Estonia,EST,91.03773499,89.62264252,71.22641754,92.92453003,89.62264252,87.9227066
Y2022,Eswatini,SWZ,25,23.11320686,39.62264252,23.58490562,25.94339561,14.97584534
Y2022,Ethiopia,ETH,37.73584747,22.16981125,5.188679218,16.98113251,26.41509438,20.28985596
Y2022,Fiji,FJI,64.62264252,71.22641754,72.16981506,50.47169876,59.90565872,41.54589462
Y2022,Finland,FIN,99.52830505,96.69811249,78.77358246,97.16981506,100,98.55072784
Y2022,France,FRA,85.37735748,83.01886749,57.07546997,85.37735748,85.37735748,86.47342682
Y2022,French Guiana,GUF,80.18868256,86.320755,55.6603775,83.49056244,84.43395996,91.78743744
Y2022,Gabon,GAB,16.50943375,26.41509438,48.58490753,25.47169876,23.11320686,24.1545887
Y2022,"Gambia, The",GMB,46.69811249,27.35848999,48.11320877,24.05660439,37.73584747,45.41062927
Y2022,Georgia,GEO,72.16981506,72.64151001,30.18867874,81.60377502,56.60377502,48.3091774
Y2022,Germany,DEU,95.75471497,88.20755005,66.98113251,92.45282745,91.98113251,94.68598938
Y2022,Ghana,GHA,52.83018875,48.11320877,41.03773499,44.81132126,51.41509247,59.42028809
Y2022,Greece,GRC,56.60377502,66.98113251,50,67.45282745,59.43396378,77.77777863
Y2022,Greenland,GRL,82.07546997,75.94339752,98.11320496,85.84906006,94.81131744,91.78743744
Y2022,Grenada,GRD,67.92453003,54.24528122,86.320755,64.15093994,67.92453003,68.59903717
Y2022,Guam,GUM,88.679245,74.52830505,75.47169495,70.75471497,86.320755,85.02415466
Y2022,Guatemala,GTM,11.320755,16.50943375,36.79245377,41.50943375,13.20754719,33.81642532
Y2022,Guinea,GIN,18.86792374,16.03773499,16.98113251,15.56603813,14.62264156,19.32367134
Y2022,Guinea-Bissau,GNB,11.79245281,6.603773594,32.07546997,8.018867493,6.603773594,34.78260803
Y2022,Guyana,GUY,45.75471878,42.92453003,46.69811249,32.54716873,41.03773499,55.07246399
Y2022,Haiti,HTI,5.188679218,0.943396211,10.37735844,8.490566254,7.547169685,16.42512131
Y2022,Honduras,HND,17.92452812,19.3396225,25.47169876,33.49056625,17.45282936,34.29951859
Y2022,"Hong Kong SAR, China",HKG,92.45282745,95.75471497,65.56604004,93.86792755,87.73584747,35.26570129
Y2022,Hungary,HUN,51.41509247,68.86792755,69.81131744,64.62264252,63.20754623,59.90338135
Y2022,Iceland,ISL,91.50943756,93.86792755,95.28302002,88.20755005,95.28302002,95.16908264
Y2022,India,IND,44.81132126,63.20754623,24.05660439,50.94339752,55.18867874,49.27536392
Y2022,Indonesia,IDN,37.26415253,66.03773499,25.94339561,59.43396378,45.28302002,52.65700531
Y2022,"Iran, Islamic Rep.",IRN,14.62264156,18.39622688,8.490566254,4.245283127,16.98113251,8.695652008
Y2022,Iraq,IRQ,10.84905624,9.433961868,2.358490467,11.79245281,3.301886797,22.22222137
Y2022,Ireland,IRL,93.86792755,93.39622498,78.30188751,95.28302002,91.50943756,96.13526917
Y2022,Israel,ISR,78.77358246,85.37735748,12.26415062,86.320755,80.6603775,68.11594391
Y2022,Italy,ITA,68.86792755,67.45282745,60.37735748,68.86792755,58.49056625,83.09178925
Y2022,Jamaica,JAM,53.77358627,71.69811249,56.60377502,58.96226501,51.88679123,64.73429871
Y2022,Japan,JPN,90.56604004,96.22641754,84.90566254,91.50943756,92.45282745,80.67633057
Y2022,"Jersey, Channel Islands",JEY,82.07546997,83.49056244,99.05660248,80.6603775,94.81131744,91.78743744
Y2022,Jordan,JOR,58.01886749,59.90565872,38.679245,57.07546997,57.07546997,26.57004738
Y2022,Kazakhstan,KAZ,48.58490753,58.49056625,29.24528313,52.83018875,34.90565872,19.8067627
Y2022,Kenya,KEN,24.05660439,38.679245,15.56603813,39.15094376,40.56603622,40.57971191
Y2022,Kiribati,KIR,61.320755,58.96226501,89.62264252,42.92453003,70.28302002,84.5410614
Y2022,"Korea, Dem. People's Rep.",PRK,2.358490467,7.075471878,30.6603775,0,4.716980934,0
Y2022,"Korea, Rep.",KOR,76.88679504,90.09433746,66.03773499,83.96226501,84.90566254,75.36231995
Y2022,Kosovo,XKX,47.64151001,44.3396225,40.56603622,38.20754623,39.62264252,43.9613533
Y2022,Kuwait,KWT,58.96226501,57.54716873,54.24528122,60.37735748,57.54716873,29.46859932
Y2022,Kyrgyz Republic,KGZ,10.37735844,17.45282936,28.77358437,28.77358437,12.73584938,28.98550797
Y2022,Lao PDR,LAO,19.81132126,30.6603775,74.05660248,16.03773499,23.58490562,4.830917835
Y2022,Latvia,LVA,75.47169495,75,60.84905624,84.90566254,79.71697998,76.32849884
Y2022,Lebanon,LBN,14.15094376,7.547169685,9.905660629,13.679245,13.679245,30.91787529
Y2022,Lesotho,LSO,41.03773499,17.92452812,35.84905624,29.24528313,35.84905624,49.75845337
Y2022,Liberia,LBR,20.28301811,8.018867493,36.320755,16.50943375,19.3396225,46.85990524
Y2022,Libya,LBY,3.773584843,2.358490467,4.245283127,1.415094376,2.358490467,11.11111069
Y2022,Liechtenstein,LIE,94.81131744,91.98113251,99.52830505,94.81131744,96.22641754,93.71981049
Y2022,Lithuania,LTU,76.41509247,79.71697998,68.86792755,87.73584747,83.01886749,81.64250946
Y2022,Luxembourg,LUX,96.22641754,97.64151001,86.79244995,98.11320496,98.58490753,97.10144806
Y2022,"Macao SAR, China",MAC,79.71697998,82.07546997,90.09433746,97.64151001,76.88679504,33.33333206
Y2022,Madagascar,MDG,19.3396225,14.62264156,28.30188751,20.75471687,18.39622688,38.16424942
Y2022,Malawi,MWI,30.6603775,19.81132126,42.45283127,22.16981125,44.3396225,50.72463608
Y2022,Malaysia,MYS,62.26415253,79.24528503,51.41509247,72.64151001,68.39622498,47.34299469
Y2022,Maldives,MDV,43.39622498,47.64151001,67.92453003,26.88679314,54.24528122,39.61352539
Y2022,Mali,MLI,21.22641563,12.26415062,0.471698105,28.30188751,17.92452812,23.67149734
Y2022,Malta,MLT,61.79245377,76.88679504,79.71697998,73.11320496,76.41509247,83.57488251
Y2022,Marshall Islands,MHL,64.15093994,60.84905624,83.96226501,37.73584747,75,85.50724792
Y2022,Martinique,MTQ,73.11320496,78.77358246,67.45282745,80.18868256,74.05660248,
Y2022,Mauritania,MRT,23.58490562,25.47169876,26.41509438,14.62264156,25.47169876,28.5024147
Y2022,Mauritius,MUS,65.56604004,76.41509247,75.94339752,84.43395996,77.35848999,66.18357849
Y2022,Mexico,MEX,17.45282936,41.98113251,20.28301811,46.69811249,20.75471687,42.02898407
Y2022,"Micronesia, Fed. Sts.",FSM,67.45282745,64.15093994,94.3396225,31.13207626,72.64151001,86.95652008
Y2022,Moldova,MDA,42.45283127,41.03773499,21.69811249,54.71697998,41.98113251,51.6908226
Y2022,Monaco,MCO,88.679245,99.05660248,93.86792755,90.09433746,90.56604004,69.0821228
Y2022,Mongolia,MNG,32.54716873,34.90565872,62.73584747,42.45283127,45.75471878,56.0386467
Y2022,Montenegro,MNE,50.47169876,51.41509247,43.39622498,69.3396225,48.58490753,56.52173996
Y2022,Morocco,MAR,39.62264252,49.52830124,33.49056625,49.05660248,44.81132126,32.85024261
Y2022,Mozambique,MOZ,21.69811249,25,11.320755,22.64151001,16.03773499,32.36714935
Y2022,Myanmar,MMR,12.73584938,5.660377502,3.773584843,9.905660629,5.660377502,1.932367206
Y2022,Namibia,NAM,60.84905624,57.07546997,64.62264252,52.35848999,62.73584747,63.768116
Y2022,Nauru,NRU,71.69811249,60.37735748,77.35848999,53.30188751,53.30188751,67.14975739
Y2022,Nepal,NPL,33.96226501,15.56603813,37.73584747,27.83018875,38.20754623,44.92753601
Y2022,Netherlands,NLD,96.69811249,95.28302002,70.75471497,96.69811249,93.39622498,97.58454132
Y2022,Netherlands Antilles,ANT,,,,,,
Y2022,New Zealand,NZL,99.05660248,89.15093994,96.22641754,99.05660248,96.69811249,99.51690674
Y2022,Nicaragua,NIC,7.547169685,13.679245,33.96226501,18.39622688,8.962264061,11.594203
Y2022,Niger,NER,31.13207626,28.77358437,9.433961868,23.11320686,33.96226501,36.231884
Y2022,Nigeria,NGA,13.679245,13.20754719,7.547169685,12.26415062,19.81132126,31.884058
Y2022,Niue,NIU,49.52830124,86.79244995,96.69811249,55.6603775,32.07546997,90.33816528
Y2022,North Macedonia,MKD,44.3396225,50,51.88679123,66.98113251,50.47169876,53.62318802
Y2022,Norway,NOR,98.11320496,98.11320496,76.41509247,91.98113251,98.11320496,100
Y2022,Oman,OMN,57.54716873,53.77358627,63.20754623,65.56604004,66.50943756,17.39130402
Y2022,Pakistan,PAK,22.64151001,29.24528313,6.603773594,20.28301811,25,24.63768196
Y2022,Palau,PLW,71.69811249,67.92453003,87.73584747,66.50943756,81.60377502,82.12560272
Y2022,Panama,PAN,28.77358437,46.69811249,53.77358627,55.18867874,40.09434128,62.31884003
Y2022,Papua New Guinea,PNG,25.94339561,21.69811249,21.22641563,26.41509438,28.30188751,46.37681198
Y2022,Paraguay,PRY,15.09433937,29.71698189,47.16981125,45.28302002,30.18867874,47.82608795
Y2022,Peru,PER,22.16981125,35.37735748,27.35848999,59.90565872,31.13207626,50.24154663
Y2022,Philippines,PHL,33.49056625,55.6603775,22.16981125,53.77358627,33.01886749,44.44444275
Y2022,Poland,POL,68.39622498,61.79245377,61.79245377,74.52830505,64.15093994,65.70048523
Y2022,Portugal,PRT,75.94339752,80.18868256,74.52830505,75,83.96226501,89.37197876
Y2022,Puerto Rico,PRI,58.49056625,33.49056625,64.15093994,76.41509247,67.45282745,60.38647461
Y2022,Qatar,QAT,79.24528503,82.54717255,82.07546997,77.35848999,79.24528503,20.77294731
Y2022,Reunion,REU,73.11320496,78.77358246,53.30188751,80.18868256,74.05660248,
Y2022,Romania,ROU,55.6603775,52.35848999,58.96226501,63.679245,62.26415253,63.28502274
Y2022,Russian Federation,RUS,18.39622688,25.94339561,14.15094376,13.20754719,12.26415062,14.49275398
Y2022,Rwanda,RWA,70.28302002,61.320755,49.05660248,58.01886749,56.13207626,22.70531464
Y2022,Samoa,WSM,69.81131744,62.26415253,89.15093994,41.98113251,81.13207245,79.22705078
Y2022,San Marino,SMR,88.679245,97.16981506,93.86792755,70.75471497,97.16981506,88.8888855
Y2022,Sao Tome and Principe,STP,62.73584747,21.22641563,59.90565872,19.81132126,26.88679314,57.00482941
Y2022,Saudi Arabia,SAU,63.679245,70.75471497,34.43396378,65.09433746,58.01886749,7.729468822
Y2022,Senegal,SEN,54.24528122,54.71697998,42.92453003,41.03773499,42.45283127,54.58937073
Y2022,Serbia,SRB,35.37735748,56.60377502,41.98113251,56.13207626,49.05660248,42.51207733
Y2022,Seychelles,SYC,94.3396225,73.11320496,72.64151001,62.26415253,66.03773499,65.21739197
Y2022,Sierra Leone,SLE,33.01886749,11.320755,45.28302002,15.09433937,22.64151001,41.06280136
Y2022,Singapore,SGP,98.58490753,100,97.16981506,100,99.05660248,43.47826004
Y2022,Slovak Republic,SVK,60.37735748,63.679245,59.43396378,76.88679504,69.81131744,75.84541321
Y2022,Slovenia,SVN,78.30188751,80.6603775,70.28302002,73.58490753,82.54717255,78.26087189
Y2022,Solomon Islands,SLB,49.05660248,26.88679314,58.01886749,21.69811249,43.86792374,58.45410538
Y2022,Somalia,SOM,0.471698105,1.415094376,1.886792421,3.301886797,0,4.347826004
Y2022,South Africa,ZAF,43.86792374,47.16981125,20.75471687,44.3396225,53.77358627,69.56521606
Y2022,South Sudan,SSD,0,0,2.830188751,0.943396211,1.415094376,3.38164258
Y2022,Spain,ESP,75,77.83018494,55.18867874,75.94339752,77.83018494,80.1932373
Y2022,Sri Lanka,LKA,40.09434128,35.84905624,17.45282936,27.35848999,52.35848999,39.13043594
Y2022,St. Kitts and Nevis,KNA,65.09433746,64.62264252,81.13207245,71.69811249,66.98113251,71.01449585
Y2022,St. Lucia,LCA,70.75471497,49.05660248,86.320755,66.03773499,71.22641754,71.98067474
Y2022,St. Vincent and the Grenadines,VCT,77.83018494,62.73584747,86.320755,63.20754623,70.75471497,72.46376801
Y2022,Sudan,SDN,6.603773594,5.188679218,4.716980934,4.716980934,10.37735844,7.246376991
Y2022,Suriname,SUR,39.15094376,15.09433937,57.54716873,21.22641563,48.11320877,58.93719864
Y2022,Sweden,SWE,97.64151001,94.81131744,79.24528503,96.22641754,93.86792755,96.6183548
Y2022,Switzerland,CHE,97.16981506,99.52830505,91.98113251,94.3396225,97.64151001,99.03381348
Y2022,Syrian Arab Republic,SYR,0.943396211,2.830188751,0,3.773584843,0.943396211,0.966183603
Y2022,"Taiwan, China",TWN,83.01886749,90.56604004,73.11320496,90.56604004,86.79244995,84.05796814
Y2022,Tajikistan,TJK,6.13207531,24.52830124,18.86792374,11.320755,10.84905624,3.864734411
Y2022,Tanzania,TZA,41.98113251,33.96226501,37.26415253,30.18867874,36.320755,30.43478203
Y2022,Thailand,THA,35.84905624,58.01886749,31.60377312,58.49056625,54.71697998,31.40096664
Y2022,Timor-Leste,TLS,47.16981125,23.58490562,52.83018875,33.96226501,20.28301811,61.35265732
Y2022,Togo,TGO,28.30188751,27.83018875,18.39622688,30.6603775,32.54716873,27.53623199
Y2022,Tonga,TON,38.20754623,45.28302002,88.679245,40.09434128,69.3396225,72.94686127
Y2022,Trinidad and Tobago,TTO,40.56603622,51.88679123,56.13207626,50,46.69811249,67.63285065
Y2022,Tunisia,TUN,45.28302002,43.39622498,24.52830124,37.26415253,49.52830124,38.64734268
Y2022,Turkiye,TUR,34.90565872,43.86792374,13.679245,43.39622498,37.26415253,23.18840599
Y2022,Turkmenistan,TKM,5.660377502,11.79245281,43.86792374,1.886792421,6.13207531,0.483091801
Y2022,Tuvalu,TUV,73.58490753,40.09434128,92.92453003,47.64151001,78.30188751,88.40579987
Y2022,Uganda,UGA,16.03773499,30.18867874,19.81132126,33.01886749,39.15094376,27.05314064
Y2022,Ukraine,UKR,29.24528313,33.01886749,6.13207531,40.56603622,18.86792374,45.89371872
Y2022,United Arab Emirates,ARE,83.49056244,88.679245,71.69811249,82.07546997,78.77358246,18.35748863
Y2022,United Kingdom,GBR,92.92453003,85.84906006,63.679245,93.39622498,89.15093994,89.85507202
Y2022,United States,USA,82.54717255,87.26415253,46.22641373,91.03773499,88.679245,73.91304016
Y2022,Uruguay,URY,91.98113251,77.35848999,88.20755005,74.05660248,75.94339752,92.2705307
Y2022,Uzbekistan,UZB,24.52830124,38.20754623,40.09434128,31.60377312,21.69811249,12.56038666
Y2022,Vanuatu,VUT,53.30188751,32.07546997,82.54717255,48.58490753,58.96226501,64.25120544
Y2022,"Venezuela, RB",VEN,1.886792421,4.716980934,11.79245281,2.358490467,0.471698105,6.76328516
Y2022,Viet Nam,VNM,46.22641373,59.43396378,45.75471878,36.320755,47.64151001,14.00966167
Y2022,Virgin Islands (U.S.),VIR,54.71697998,74.52830505,62.26415253,90.09433746,82.07546997,
Y2022,West Bank and Gaza,PSE,25.47169876,16.98113251,8.018867493,51.41509247,30.6603775,21.25603867
Y2022,"Yemen, Rep.",YEM,1.415094376,0.471698105,1.415094376,2.830188751,1.886792421,5.797101498
Y2022,Zambia,ZMB,34.43396378,28.30188751,50.94339752,32.07546997,33.49056625,42.99517059
Y2022,Zimbabwe,ZWE,8.490566254,10.84905624,16.50943375,6.603773594,11.320755,18.84057999
Y2023,Canada,CAN,94.81131744,91.98113251,76.30331421,94.81131744,90.09433746,95.09803772
Y2023,Afghanistan,AFG,13.679245,1.415094376,1.421800971,9.433961868,5.188679218,1.960784316
Y2023,Albania,ALB,43.39622498,60.37735748,51.6587677,58.49056625,45.75471878,53.92156982
Y2023,Algeria,DZA,30.18867874,27.35848999,23.22274971,16.03773499,26.41509438,22.05882263
Y2023,American Samoa,ASM,87.73584747,73.11320496,91.94313049,68.39622498,85.37735748,
Y2023,Andorra,AND,87.73584747,91.03773499,98.57820129,89.62264252,91.50943756,78.92156982
Y2023,Angola,AGO,29.24528313,14.62264156,32.22748947,22.64151001,14.62264156,27.94117737
Y2023,Anguilla,AIA,87.73584747,87.26415253,91.94313049,79.24528503,75,
Y2023,Antigua and Barbuda,ATG,62.26415253,63.679245,80.56871796,70.28302002,59.90565872,70.09803772
Y2023,Argentina,ARG,41.98113251,36.320755,41.7061615,35.37735748,37.73584747,63.23529434
Y2023,Armenia,ARM,57.07546997,43.86792374,17.06161118,52.83018875,49.05660248,50.49019623
Y2023,Aruba,ABW,75.47169495,78.30188751,97.63033295,80.18868256,87.26415253,80.39215851
Y2023,Australia,AUS,95.75471497,93.86792755,79.62084961,99.52830505,91.98113251,96.07843018
Y2023,Austria,AUT,83.49056244,89.62264252,71.5639801,90.09433746,97.16981506,93.62744904
Y2023,Azerbaijan,AZE,12.26415062,50.47169876,18.00947952,49.05660248,29.24528313,9.313725471
Y2023,"Bahamas, The",BHS,88.20755005,61.79245377,84.8341217,51.88679123,55.6603775,74.01960754
Y2023,Bahrain,BHR,59.43396378,74.52830505,29.38388634,83.96226501,65.56604004,11.27450943
Y2023,Bangladesh,BGD,14.62264156,26.88679314,15.63981056,18.86792374,33.49056625,27.45098114
Y2023,Barbados,BRB,89.62264252,64.15093994,93.83885956,67.45282745,62.26415253,87.2549057
Y2023,Belarus,BLR,26.88679314,15.09433937,18.48341179,7.547169685,11.320755,3.921568632
Y2023,Belgium,BEL,89.15093994,80.6603775,58.2938385,85.84906006,88.20755005,92.64705658
Y2023,Belize,BLZ,48.11320877,36.79245377,65.40284729,35.84905624,27.83018875,63.72549057
Y2023,Benin,BEN,52.83018875,42.45283127,31.7535553,40.56603622,33.01886749,40.19607925
Y2023,Bermuda,BMU,87.73584747,87.26415253,86.7298584,79.24528503,75,
Y2023,Bhutan,BTN,91.03773499,69.3396225,83.412323,36.79245377,72.64151001,54.90196228
Y2023,Bolivia,BOL,21.69811249,29.24528313,35.0710907,11.79245281,11.79245281,39.2156868
Y2023,Bosnia and Herzegovina,BIH,30.6603775,15.56603813,31.27962112,46.69811249,39.62264252,38.23529434
Y2023,Botswana,BWA,73.58490753,66.98113251,87.20378876,66.98113251,61.320755,62.74509811
Y2023,Brazil,BRA,34.43396378,32.07546997,28.4360199,40.09434128,41.98113251,59.80392075
Y2023,Brunei Darussalam,BRN,88.679245,90.09433746,96.6824646,80.6603775,79.24528503,28.92156792
Y2023,Bulgaria,BGR,50,53.30188751,55.45023727,65.56604004,53.77358627,60.29411697
Y2023,Burkina Faso,BFA,49.52830124,21.22641563,5.687203884,34.90565872,24.52830124,25.49019623
Y2023,Burundi,BDI,3.301886797,11.320755,12.79620838,15.56603813,10.84905624,11.76470566
Y2023,Cabo Verde,CPV,81.13207245,52.35848999,79.14691925,59.90565872,61.79245377,77.45098114
Y2023,Cambodia,KHM,9.433961868,38.20754623,47.86729813,25.47169876,23.58490562,12.74509811
Y2023,Cameroon,CMR,13.20754719,17.45282936,11.37440777,19.3396225,16.50943375,19.6078434
Y2023,Cayman Islands,CYM,65.09433746,88.20755005,99.52606964,83.49056244,76.41509247,71.5686264
Y2023,Central African Republic,CAF,8.962264061,4.245283127,3.317535639,6.13207531,3.301886797,14.21568584
Y2023,Chad,TCD,4.716980934,7.547169685,9.004739761,12.26415062,8.018867493,8.333333015
Y2023,Chile,CHL,80.6603775,75.94339752,50.23696518,76.88679504,71.22641754,79.90196228
Y2023,China,CHN,54.24528122,73.58490753,25.11848259,38.679245,52.83018875,7.352941036
Y2023,Colombia,COL,44.81132126,48.11320877,18.95734596,54.24528122,35.84905624,55.39215851
Y2023,Comoros,COM,19.3396225,6.603773594,38.86256027,10.84905624,8.490566254,25.98039246
Y2023,"Congo, Dem. Rep.",COD,5.188679218,4.716980934,5.213270187,8.018867493,4.716980934,15.68627453
Y2023,"Congo, Rep.",COG,8.018867493,9.433961868,46.91942978,10.37735844,17.92452812,17.15686226
Y2023,Cook Islands,COK,55.6603775,44.81132126,94.78672791,49.52830124,31.13207626,75.98039246
Y2023,Costa Rica,CRI,72.64151001,60.84905624,83.88625336,69.81131744,60.37735748,81.37255096
Y2023,Cote d'Ivoire,CIV,44.3396225,37.26415253,21.80094719,48.58490753,35.37735748,36.76470566
Y2023,Croatia,HRV,59.90565872,75.47169495,67.77251434,72.16981506,59.43396378,65.68627167
Y2023,Cuba,CUB,52.35848999,33.49056625,56.87203979,5.188679218,36.320755,14.70588207
Y2023,Cyprus,CYP,62.73584747,76.41509247,59.24170685,75.94339752,71.69811249,77.94117737
Y2023,Czechia,CZE,76.88679504,82.54717255,82.46445465,87.73584747,84.43395996,82.35294342
Y2023,Denmark,DNK,100,98.58490753,76.7772522,98.11320496,99.52830505,98.52941132
Y2023,Djibouti,DJI,23.58490562,25.47169876,24.64455032,17.45282936,13.679245,13.72549057
Y2023,Dominica,DMA,67.45282745,61.320755,95.73459625,61.320755,70.75471497,72.54901886
Y2023,Dominican Republic,DOM,37.73584747,56.60377502,53.55450058,58.01886749,48.11320877,57.35293961
Y2023,Ecuador,ECU,27.83018875,32.54716873,32.70142365,23.58490562,19.3396225,44.11764526
Y2023,"Egypt, Arab Rep.",EGY,24.52830124,41.98113251,16.587677,26.88679314,44.3396225,10.78431416
Y2023,El Salvador,SLV,32.07546997,53.77358627,46.44549942,39.62264252,39.15094376,34.80392075
Y2023,Equatorial Guinea,GNQ,2.830188751,9.905660629,38.3886261,5.660377502,8.962264061,3.431372643
Y2023,Eritrea,ERI,5.660377502,2.830188751,17.53554535,0.471698105,2.830188751,0.980392158
Y2023,Estonia,EST,91.50943756,88.679245,69.19431305,91.03773499,89.62264252,88.72548676
Y2023,Eswatini,SWZ,25,19.3396225,30.80568695,24.05660439,28.30188751,16.66666603
Y2023,Ethiopia,ETH,37.26415253,24.05660439,6.161137581,14.15094376,26.88679314,20.09803963
Y2023,Fiji,FJI,66.03773499,68.39622498,72.98577881,50,58.49056625,54.41176605
Y2023,Finland,FIN,99.52830505,97.16981506,71.09004974,96.69811249,100,97.54901886
Y2023,France,FRA,83.96226501,83.01886749,55.92417145,85.37735748,84.90566254,86.76470947
Y2023,French Guiana,GUF,80.18868256,89.15093994,53.08057022,83.49056244,83.96226501,91.66666412
Y2023,Gabon,GAB,17.92452812,23.11320686,33.64928818,25,20.75471687,24.01960754
Y2023,"Gambia, The",GMB,46.22641373,29.71698189,45.97156525,28.30188751,38.20754623,45.58823395
Y2023,Georgia,GEO,71.22641754,77.83018494,33.175354,79.71697998,55.18867874,48.03921509
Y2023,Germany,DEU,94.3396225,85.37735748,66.35070801,91.98113251,92.92453003,94.60784149
Y2023,Ghana,GHA,51.41509247,47.16981125,45.49763107,45.28302002,49.52830124,60.7843132
Y2023,Greece,GRC,58.01886749,57.54716873,54.02843475,70.75471497,57.07546997,79.41176605
Y2023,Greenland,GRL,82.07546997,77.35848999,98.10426331,86.79244995,95.28302002,91.66666412
Y2023,Grenada,GRD,68.39622498,50.94339752,86.25592041,61.79245377,69.3396225,71.07843018
Y2023,Guam,GUM,87.73584747,73.11320496,78.1990509,68.39622498,81.60377502,
Y2023,Guatemala,GTM,14.15094376,18.39622688,36.96682358,41.50943375,15.56603813,33.33333206
Y2023,Guinea,GIN,20.28301811,16.98113251,16.11374474,13.20754719,14.15094376,17.64705849
Y2023,Guinea-Bissau,GNB,12.73584938,8.018867493,34.12322235,9.905660629,7.075471878,36.27450943
Y2023,Guyana,GUY,40.56603622,39.62264252,43.60189438,31.60377312,40.56603622,52.94117737
Y2023,Haiti,HTI,6.13207531,0.943396211,10.42654037,8.490566254,7.547169685,16.1764698
Y2023,Honduras,HND,15.09433937,22.64151001,27.96208572,32.07546997,15.09433937,35.29411697
Y2023,"Hong Kong SAR, China",HKG,93.39622498,92.92453003,69.66824341,93.86792755,87.73584747,37.25490189
Y2023,Hungary,HUN,54.71697998,62.73584747,72.03791809,62.73584747,63.20754623,59.31372452
Y2023,Iceland,ISL,91.98113251,93.39622498,95.26066589,87.26415253,96.69811249,94.11764526
Y2023,India,IND,41.50943375,67.92453003,21.32701492,47.16981125,56.13207626,51.47058868
Y2023,Indonesia,IDN,36.320755,69.81131744,28.90995216,60.84905624,46.69811249,52.45098114
Y2023,"Iran, Islamic Rep.",IRN,10.37735844,14.15094376,8.056872368,4.245283127,16.03773499,7.843137264
Y2023,Iraq,IRQ,8.490566254,8.490566254,2.369668245,6.603773594,3.773584843,23.52941132
Y2023,Ireland,IRL,92.92453003,94.3396225,78.67298889,96.22641754,93.86792755,95.58823395
Y2023,Israel,ISR,78.77358246,83.49056244,9.952606201,84.43395996,77.35848999,69.11764526
Y2023,Italy,ITA,67.92453003,70.28302002,64.9289093,72.64151001,60.84905624,85.78431702
Y2023,Jamaica,JAM,50.94339752,66.03773499,57.34597015,53.77358627,44.81132126,65.19607544
Y2023,Japan,JPN,90.09433746,96.69811249,81.5165863,92.45282745,92.45282745,85.29412079
Y2023,"Jersey, Channel Islands",JEY,82.07546997,84.90566254,100,81.60377502,95.28302002,91.66666412
Y2023,Jordan,JOR,57.54716873,64.62264252,40.28435898,59.43396378,58.01886749,26.96078491
Y2023,Kazakhstan,KAZ,47.16981125,57.07546997,36.4928894,53.30188751,36.79245377,21.56862831
Y2023,Kenya,KEN,24.05660439,38.679245,14.69194317,37.73584747,41.03773499,41.66666794
Y2023,Kiribati,KIR,64.15093994,46.22641373,90.99526215,42.45283127,68.39622498,84.31372833
Y2023,"Korea, Dem. People's Rep.",PRK,2.358490467,7.075471878,30.33175278,0,5.660377502,0
Y2023,"Korea, Rep.",KOR,79.71697998,90.56604004,68.2464447,84.90566254,85.84906006,73.52941132
Y2023,Kosovo,XKX,48.58490753,47.64151001,34.59715652,41.03773499,41.50943375,43.13725662
Y2023,Kuwait,KWT,60.37735748,51.41509247,58.76777267,63.679245,58.96226501,31.37254906
Y2023,Kyrgyz Republic,KGZ,11.320755,18.86792374,26.54028511,29.24528313,12.73584938,28.43137169
Y2023,Lao PDR,LAO,19.81132126,28.30188751,75.35545349,17.92452812,22.64151001,5.392157078
Y2023,Latvia,LVA,74.52830505,74.05660248,66.824646,86.320755,83.01886749,78.4313736
Y2023,Lebanon,LBN,10.84905624,6.13207531,9.478672981,14.62264156,13.20754719,30.88235283
Y2023,Lesotho,LSO,33.49056625,16.50943375,35.54502487,29.71698189,33.96226501,47.54901886
Y2023,Liberia,LBR,20.75471687,8.962264061,42.65402985,18.39622688,16.98113251,49.01960754
Y2023,Libya,LBY,3.773584843,5.188679218,4.265402794,2.358490467,2.358490467,9.8039217
Y2023,Liechtenstein,LIE,95.28302002,96.22641754,99.05213165,94.3396225,96.22641754,93.13725281
Y2023,Lithuania,LTU,77.83018494,81.60377502,72.51184845,88.20755005,86.79244995,81.86274719
Y2023,Luxembourg,LUX,96.69811249,98.11320496,87.67772675,99.05660248,97.64151001,98.03921509
Y2023,"Macao SAR, China",MAC,79.24528503,82.07546997,88.1516571,97.64151001,76.88679504,33.82352829
Y2023,Madagascar,MDG,18.39622688,13.679245,19.9052124,21.22641563,18.86792374,37.74509811
Y2023,Malawi,MWI,29.71698189,19.81132126,37.91469193,22.16981125,46.22641373,50
Y2023,Malaysia,MYS,61.79245377,79.71697998,50.71089935,73.11320496,67.45282745,50.98039246
Y2023,Maldives,MDV,39.62264252,45.28302002,62.55924225,26.41509438,50.94339752,41.17647171
Y2023,Mali,MLI,21.22641563,12.73584938,0.473933637,25.94339561,18.39622688,20.58823586
Y2023,Malta,MLT,58.49056625,65.56604004,77.25118256,74.05660248,75.47169495,76.96078491
Y2023,Marshall Islands,MHL,64.15093994,54.71697998,93.3649292,36.320755,73.11320496,86.27451324
Y2023,Martinique,MTQ,70.75471497,73.11320496,61.6113739,79.24528503,75,
Y2023,Mauritania,MRT,22.64151001,24.52830124,26.06635094,15.09433937,27.35848999,30.3921566
Y2023,Mauritius,MUS,65.56604004,75,74.8815155,82.54717255,77.83018494,66.66666412
Y2023,Mexico,MEX,17.45282936,43.39622498,22.74881554,46.22641373,24.05660439,42.15686417
Y2023,"Micronesia, Fed. Sts.",FSM,78.30188751,59.43396378,89.57346344,30.6603775,72.16981506,83.8235321
Y2023,Moldova,MDA,46.69811249,44.3396225,20.37914658,54.71697998,47.16981125,55.88235474
Y2023,Monaco,MCO,87.73584747,99.05660248,93.3649292,89.62264252,91.50943756,69.60784149
Y2023,Mongolia,MNG,35.37735748,33.96226501,67.29857635,45.75471878,43.86792374,56.37254715
Y2023,Montenegro,MNE,51.88679123,59.90565872,48.81516647,64.15093994,52.35848999,58.33333206
Y2023,Morocco,MAR,33.01886749,50,29.85782051,50.94339752,48.58490753,34.31372452
Y2023,Mozambique,MOZ,22.16981125,25.94339561,11.84834099,24.52830124,17.45282936,31.86274529
Y2023,Myanmar,MMR,11.79245281,3.773584843,4.739336491,7.075471878,6.13207531,2.450980425
Y2023,Namibia,NAM,58.96226501,52.83018875,63.5071106,51.41509247,64.62264252,66.1764679
Y2023,Nauru,NRU,69.81131744,48.58490753,82.93838501,52.35848999,53.30188751,68.62744904
Y2023,Nepal,NPL,33.96226501,21.69811249,39.33649445,27.35848999,34.90565872,46.07843018
Y2023,Netherlands,NLD,96.22641754,95.75471497,68.72038269,97.16981506,94.3396225,96.5686264
Y2023,Netherlands Antilles,ANT,,,,,,
Y2023,New Zealand,NZL,98.58490753,92.45282745,96.20853424,98.58490753,95.75471497,99.50980377
Y2023,Nicaragua,NIC,7.075471878,13.20754719,42.18009567,20.28301811,9.433961868,10.29411793
Y2023,Niger,NER,31.60377312,28.77358437,8.530805588,20.75471687,25,29.90196037
Y2023,Nigeria,NGA,16.98113251,20.28301811,7.582938194,16.98113251,20.28301811,32.35293961
Y2023,Niue,NIU,49.05660248,83.96226501,,55.18867874,31.13207626,
Y2023,North Macedonia,MKD,42.45283127,49.05660248,51.18483353,66.03773499,45.28302002,53.4313736
Y2023,Norway,NOR,99.05660248,97.64151001,77.72512054,93.39622498,99.05660248,100
Y2023,Oman,OMN,60.84905624,62.26415253,65.87677765,66.50943756,70.28302002,21.07843208
Y2023,Pakistan,PAK,18.86792374,30.6603775,6.635071278,19.81132126,21.22641563,23.03921509
Y2023,Palau,PLW,69.81131744,67.45282745,89.57346344,65.09433746,80.6603775,83.8235321
Y2023,Panama,PAN,28.30188751,42.92453003,52.60663605,55.6603775,40.09434128,64.21568298
Y2023,Papua New Guinea,PNG,27.35848999,22.16981125,27.01421738,27.83018875,29.71698189,47.05882263
Y2023,Paraguay,PRY,16.03773499,34.43396378,49.28910065,50.47169876,28.77358437,48.52941132
Y2023,Peru,PER,25.47169876,33.01886749,24.17061615,60.37735748,30.18867874,49.50980377
Y2023,Philippines,PHL,32.54716873,58.01886749,23.69668198,57.54716873,37.26415253,46.5686264
Y2023,Poland,POL,68.86792755,66.50943756,63.98104095,76.41509247,65.09433746,67.64705658
Y2023,Portugal,PRT,74.05660248,80.18868256,70.61611176,75.47169495,83.49056244,88.23529053
Y2023,Puerto Rico,PRI,55.18867874,35.84905624,61.13743973,71.69811249,66.50943756,61.76470566
Y2023,Qatar,QAT,75,85.84906006,84.36019135,81.13207245,80.18868256,22.54901886
Y2023,Reunion,REU,70.75471497,73.11320496,48.3412323,79.24528503,75,
Y2023,Romania,ROU,56.13207626,46.69811249,56.39810562,63.20754623,64.15093994,62.25490189
Y2023,Russian Federation,RUS,15.56603813,26.41509438,13.27014256,12.73584938,12.26415062,13.23529434
Y2023,Rwanda,RWA,73.11320496,65.09433746,49.76303482,56.13207626,56.60377502,24.50980377
Y2023,Samoa,WSM,75.94339752,68.86792755,90.52132416,42.92453003,79.71697998,80.88235474
Y2023,San Marino,SMR,87.73584747,87.26415253,93.3649292,79.24528503,91.50943756,89.70587921
Y2023,Sao Tome and Principe,STP,63.20754623,17.92452812,60.1895752,16.50943375,25.47169876,56.86274338
Y2023,Saudi Arabia,SAU,66.50943756,78.77358246,39.8104248,68.86792755,62.73584747,8.823529243
Y2023,Senegal,SEN,56.60377502,54.24528122,41.23222733,39.15094376,42.92453003,51.96078491
Y2023,Serbia,SRB,38.20754623,51.88679123,44.54976273,56.60377502,51.41509247,44.60784149
Y2023,Seychelles,SYC,93.86792755,70.75471497,73.93364716,58.96226501,63.679245,64.70587921
Y2023,Sierra Leone,SLE,31.13207626,12.26415062,37.44075775,13.679245,22.16981125,38.72549057
Y2023,Singapore,SGP,98.11320496,100,97.15639496,100,98.11320496,43.62745285
Y2023,Slovak Republic,SVK,61.320755,58.96226501,64.45497894,71.22641754,68.86792755,76.47058868
Y2023,Slovenia,SVN,77.35848999,81.13207245,75.82938385,75,82.54717255,82.84313965
Y2023,Solomon Islands,SLB,50.47169876,25,60.66350555,21.69811249,43.39622498,57.84313583
Y2023,Somalia,SOM,0.943396211,1.886792421,2.843601942,2.830188751,0,4.411764622
Y2023,South Africa,ZAF,45.75471878,40.56603622,20.85308075,44.3396225,54.24528122,70.58823395
Y2023,South Sudan,SSD,0,0,3.791469097,0.943396211,0.943396211,2.941176414
Y2023,Spain,ESP,71.69811249,76.88679504,54.9763031,74.52830505,78.30188751,87.7450943
Y2023,Sri Lanka,LKA,40.09434128,41.03773499,25.59241676,33.01886749,50,39.70588303
Y2023,St. Kitts and Nevis,KNA,64.62264252,63.679245,80.56871796,69.3396225,66.03773499,72.05882263
Y2023,St. Lucia,LCA,66.98113251,55.6603775,86.25592041,64.62264252,69.81131744,74.50980377
Y2023,St. Vincent and the Grenadines,VCT,76.41509247,55.6603775,86.25592041,62.26415253,67.92453003,73.03921509
Y2023,Sudan,SDN,4.245283127,2.358490467,1.895734549,4.716980934,4.245283127,5.882352829
Y2023,Suriname,SUR,39.15094376,16.03773499,59.71564102,23.11320686,51.88679123,58.82352829
Y2023,Sweden,SWE,97.64151001,94.81131744,73.4597168,95.28302002,93.39622498,97.05882263
Y2023,Switzerland,CHE,97.16981506,99.52830505,88.62559509,95.75471497,98.58490753,99.01960754
Y2023,Syrian Arab Republic,SYR,0.471698105,3.301886797,0,3.773584843,1.415094376,1.470588207
Y2023,"Taiwan, China",TWN,84.43395996,91.50943756,74.40758514,91.50943756,86.320755,84.80392456
Y2023,Tajikistan,TJK,7.547169685,23.58490562,27.48815155,11.320755,9.905660629,4.90196085
Y2023,Tanzania,TZA,43.86792374,34.90565872,44.07582855,30.18867874,38.679245,32.84313583
Y2023,Thailand,THA,35.84905624,58.49056625,36.01895905,57.07546997,57.54716873,35.7843132
Y2023,Timor-Leste,TLS,47.64151001,20.75471687,54.50236893,34.43396378,21.69811249,61.27450943
Y2023,Togo,TGO,28.77358437,30.18867874,14.21800995,33.96226501,32.07546997,26.47058868
Y2023,Tonga,TON,45.28302002,45.75471878,90.0473938,37.26415253,66.98113251,75
Y2023,Trinidad and Tobago,TTO,41.03773499,49.52830124,57.81990433,47.64151001,42.45283127,67.15686035
Y2023,Tunisia,TUN,42.92453003,39.15094376,22.27488136,28.77358437,47.64151001,40.68627548
Y2023,Turkiye,TUR,34.90565872,41.50943375,13.74407578,43.86792374,32.54716873,25
Y2023,Turkmenistan,TKM,6.603773594,10.84905624,43.12796021,1.415094376,6.603773594,0.490196079
Y2023,Tuvalu,TUV,72.16981506,35.37735748,94.31279755,44.81132126,82.07546997,89.21568298
Y2023,Uganda,UGA,16.50943375,31.60377312,19.43128014,32.54716873,34.43396378,29.41176414
Y2023,Ukraine,UKR,25.94339561,37.73584747,10.90047359,43.39622498,19.81132126,42.64706039
Y2023,United Arab Emirates,ARE,82.54717255,95.28302002,70.1421814,82.07546997,78.77358246,18.62745094
Y2023,United Kingdom,GBR,90.56604004,84.43395996,62.08530807,92.92453003,89.15093994,90.19607544
Y2023,United States,USA,83.01886749,87.73584747,47.39336395,90.56604004,88.679245,75.49019623
Y2023,Uruguay,URY,92.45282745,79.24528503,81.99052429,73.58490753,75.94339752,92.15686035
Y2023,Uzbekistan,UZB,23.11320686,40.09434128,40.75829315,31.13207626,23.11320686,12.25490189
Y2023,Vanuatu,VUT,53.77358627,31.13207626,81.04265594,48.11320877,54.71697998,68.13725281
Y2023,"Venezuela, RB",VEN,1.415094376,5.660377502,12.32227516,1.886792421,0.471698105,6.862745285
Y2023,Viet Nam,VNM,38.679245,56.13207626,45.0236969,38.20754623,50.47169876,15.1960783
Y2023,Virgin Islands (U.S.),VIR,53.30188751,73.11320496,63.03317642,89.62264252,81.60377502,
Y2023,West Bank and Gaza,PSE,26.41509438,10.37735844,7.109004974,41.98113251,25.94339561,18.13725471
Y2023,"Yemen, Rep.",YEM,1.886792421,0.471698105,0.947867274,3.301886797,1.886792421,6.372549057
Y2023,Zambia,ZMB,36.79245377,27.83018875,52.13270187,33.49056625,31.60377312,45.09803772
Y2023,Zimbabwe,ZWE,9.905660629,11.79245281,15.16587639,8.962264061,10.37735844,19.11764717